id,title,description,link,image_link,price,availability,condition,brand,mpn,google_product_category,product_type
invitatie-sigiliu-roz-flori-uscate-001,Invitatie botez cu sigiliu roz si flori uscate,"Invitatie pe carton ivory, legata manual cu sfoara aurie si sigiliu roz; decor cu flori uscate naturale. Personalizabila cu nume si data.",https://boundlesscollection.ro/p/invitatie-botez-cu-sigiliu-roz-si-flori-uscate-invitati.html,https://boundlesscollection.ro/images/invitatii/invitatie-botez-sigiliu-roz-flori-uscate.jpg,9.00 RON,in stock,new,Boundless Collection,invitatie-sigiliu-roz-flori-uscate-001,Arts & Entertainment > Party & Celebration > Invitations,invitatii
invitatie-poza-calc-roz-002,Invitatie botez cu poza si foaie de calc,"Invitatie pe carton foto, acoperita cu foaie de calc imprimata; fundita din organza roz. Personalizare completa: text, foto, data.",https://boundlesscollection.ro/p/invitatie-botez-cu-poza-si-foaie-de-calc-invitati.html,https://boundlesscollection.ro/images/invitatii/invitatie-botez-foto-foaie-de-calc-roz.jpg,10.00 RON,in stock,new,Boundless Collection,invitatie-poza-calc-roz-002,Arts & Entertainment > Party & Celebration > Invitations,invitatii
invitatie-ursulet-bleu-003,Invitatie botez baietel cu ursulet si fundita bleu,"Invitatie pe carton premium cu ilustratie ursulet; fundita bleu aplicata manual. Potrivita pentru tematica baby boy, pastel.",https://boundlesscollection.ro/p/invitatie-botez-baietel-cu-ursulet-si-fundita-bleu-invitati.html,https://boundlesscollection.ro/images/invitatii/invitatie-botez-ursulet-fundita-bleu.jpg,9.00 RON,in stock,new,Boundless Collection,invitatie-ursulet-bleu-003,Arts & Entertainment > Party & Celebration > Invitations,invitatii
invitatie-fundita-rosie-calc-004,Invitatie botez cu fundita rosie si foaie de calc,"Carton premium cu invelis calc semitransparent; fundita din organza rosie. Stil elegant, ideal pentru evenimente tematice.",https://boundlesscollection.ro/p/invitatie-botez-cu-fundita-rosie-si-foaie-de-calc-invitati.html,https://boundlesscollection.ro/images/invitatii/invitatie-botez-fundita-rosie-foaie-calc.jpg,9.00 RON,in stock,new,Boundless Collection,invitatie-fundita-rosie-calc-004,Arts & Entertainment > Party & Celebration > Invitations,invitatii
invitatie-carticica-albastra-005,Invitatie botez tip carticica cu fundita albastra,Format tip carticica pe carton premium; personalizare cu fotografie si detalii eveniment. Fundita albastra din organza.,https://boundlesscollection.ro/p/invitatie-botez-tip-carticica-cu-fundita-albastra-invitati.html,https://boundlesscollection.ro/images/invitatii/invitatie-botez-tip-carticica-fundita-albastra.jpg,9.00 RON,in stock,new,Boundless Collection,invitatie-carticica-albastra-005,Arts & Entertainment > Party & Celebration > Invitations,invitatii
invitatie-ursulet-ivoire-006,Invitatie botez cu ursulet si fundita ivoire,Carton premium cu ilustratie ursulet si nori pastel; fundita ivoire din organza. Look delicat si rafinat pentru baietei.,https://boundlesscollection.ro/p/invitatie-botez-cu-ursulet-si-fundita-ivoire-invitati.html,https://boundlesscollection.ro/images/invitatii/invitatie-botez-ursulet-fundita-ivoire.jpg,9.00 RON,in stock,new,Boundless Collection,invitatie-ursulet-ivoire-006,Arts & Entertainment > Party & Celebration > Invitations,invitatii
invitatie-ursulet-roz-007,Invitatie botez cu ursulet si fundita roz,"Carton premium cu ursulet si baloane pastel; fundita roz din satin. Stil delicat pentru fetite, personalizare completa.",https://boundlesscollection.ro/p/invitatie-botez-cu-ursulet-si-fundita-roz-invitati.html,https://boundlesscollection.ro/images/invitatii/invitatie-botez-ursulet-fundita-roz.jpg,9.00 RON,in stock,new,Boundless Collection,invitatie-ursulet-roz-007,Arts & Entertainment > Party & Celebration > Invitations,invitatii
invitatie-pergament-smarald-008,Invitatie pergament cu fundita verde smarald,"Invitatie tip pergament, legata manual cu fundita verde smarald din organza. Potrivita pentru nunta natur/rustic.",https://boundlesscollection.ro/p/invitatie-pergament-cu-fundita-verde-smarald-invitati.html,https://boundlesscollection.ro/images/invitatii/invitatie-pergament-verde-smarald.jpg,8.50 RON,in stock,new,Boundless Collection,invitatie-pergament-smarald-008,Arts & Entertainment > Party & Celebration > Invitations,invitatii
invitatie-safari-plic-verde-009,Invitatie botez Safari cu plic verde,"Carton premium mat cu animale de jungla; include plic verde decupat frunza tropicala. Culori vesele, personalizabila.",https://boundlesscollection.ro/p/invitatie-botez-safari-cu-plic-verde-invitati.html,https://boundlesscollection.ro/images/invitatii/invitatie-botez-safari-plic-verde.jpg,13.00 RON,in stock,new,Boundless Collection,invitatie-safari-plic-verde-009,Arts & Entertainment > Party & Celebration > Invitations,invitatii
invitatie-nunta-ziar-010,Invitatie nunta tip Ziar,"Design inspirat revista retro, print pe carton mat; spune povestea mirilor. Legata cu sfoara natur. Personalizabila integral.",https://boundlesscollection.ro/p/invitatie-nunta-tip-ziar-invitati.html,https://boundlesscollection.ro/images/invitatii/invitatie-nunta-jurnal.jpg,9.00 RON,in stock,new,Boundless Collection,invitatie-nunta-ziar-010,Arts & Entertainment > Party & Celebration > Invitations,invitatii
aranjament-pastel-011,Aranjament floral din lumanari parfumate pastel,"Lumanari din ceara de soia modelate flori, nuante roz pudrat/ivoire/piersica. Piesa de decor sau cadou elegant.",https://boundlesscollection.ro/p/aranjament-floral-din-lumanari-parfumate-pastel-aranjame.html,https://boundlesscollection.ro/images/aranjamente/aranjament-floral-lumanari-pastel.jpg,95.00 RON,in stock,new,Boundless Collection,aranjament-pastel-011,Home & Garden > Decor > Artificial Flora > Artificial Flower Arrangements,aranjamente-florale
aranjament-inima-roz-012,Aranjament floral cu inima si lumanari parfumate,"Lumanari din soia in nuante roz/alb, accente cu inima si flori uscate. Cadou elegant sau decor de interior.",https://boundlesscollection.ro/p/aranjament-floral-cu-inima-si-lumanari-parfumate-aranjame.html,https://boundlesscollection.ro/images/aranjamente/aranjament-floral-inima-roz.jpg,95.00 RON,in stock,new,Boundless Collection,aranjament-inima-roz-012,Home & Garden > Decor > Artificial Flora > Artificial Flower Arrangements,aranjamente-florale
aranjament-mov-alb-013,Aranjament floral cu lumanari mov si albe,"Lumanari de soia mov/alb/roz pal, stil rafinat. Potrivit pentru cadouri si ambient elegant acasa.",https://boundlesscollection.ro/p/aranjament-floral-cu-lumanari-mov-si-albe-aranjame.html,https://boundlesscollection.ro/images/aranjamente/aranjament-floral-mov-alb.jpg,145.00 RON,in stock,new,Boundless Collection,aranjament-mov-alb-013,Home & Garden > Decor > Artificial Flora > Artificial Flower Arrangements,aranjamente-florale
aranjament-roz-iepuras-014,Aranjament floral roz cu figurina si lumanari parfumate,"Compozitie premium din soia, nuante roz/alb/crem; figurina decorativa si flori sculptate. Cadou deosebit.",https://boundlesscollection.ro/p/aranjament-floral-roz-cu-figurina-si-lumanari-parfumate-aranjame.html,https://boundlesscollection.ro/images/aranjamente/aranjament-floral-roz-iepuras.jpg,165.00 RON,in stock,new,Boundless Collection,aranjament-roz-iepuras-014,Home & Garden > Decor > Artificial Flora > Artificial Flower Arrangements,aranjamente-florale
aranjament-bleu-cos-015,Aranjament bleu in cos impletit cu lumanari parfumate,"Lumanari din soia in flori alb-bleu, cos tip piatra (praf de marmura), accente puf. Decor curat, aroma delicata.",https://boundlesscollection.ro/p/aranjament-bleu-in-cos-impletit-cu-lumanari-parfumate-aranjame.html,https://boundlesscollection.ro/images/aranjamente/aranjament-floral-bleu.jpg,89.00 RON,in stock,new,Boundless Collection,aranjament-bleu-cos-015,Home & Garden > Decor > Artificial Flora > Artificial Flower Arrangements,aranjamente-florale
aranjament-iepuras-roz-016,Aranjament roz cu iepuras si lumanari parfumate,Lumanari din soia model flori + figurina iepuras; roz pudrat/alb. Decor de primavara sau cadou rafinat.,https://boundlesscollection.ro/p/aranjament-roz-cu-iepuras-si-lumanari-parfumate-aranjame.html,https://boundlesscollection.ro/images/aranjamente/aranjament-floral-iepuras-roz-2.jpg,105.00 RON,in stock,new,Boundless Collection,aranjament-iepuras-roz-016,Home & Garden > Decor > Artificial Flora > Artificial Flower Arrangements,aranjamente-florale
aranjament-creioane-toamna-018,Aranjament cu lumanari parfumate in suport din creioane,"Lumanari din soia in flori pastel, suport creativ din creioane; flori uscate, pampas, fundita satin. Cadou profesor/office.",https://boundlesscollection.ro/p/aranjament-cu-lumanari-parfumate-in-suport-din-creioane-aranjame.html,https://boundlesscollection.ro/images/aranjamente/aranjament-floral-creioane-colorate.jpg,150.00 RON,in stock,new,Boundless Collection,aranjament-creioane-toamna-018,Home & Garden > Decor > Artificial Flora > Artificial Flower Arrangements,aranjamente-florale
marturie-iepuras-roz-048,Marturie iepuras roz in saculet tulle,"Marturie adorabila in forma de iepuras roz, realizata manual din ceara de soia si ambalata in saculet tulle cu fundita satin. Include eticheta personalizata, fiind o alegere delicata pentru botez si evenimente speciale.",https://boundlesscollection.ro/p/marturie-iepuras-roz-in-saculet-tulle-marturie.html,https://boundlesscollection.ro/images/marturii/marturie-iepuras-roz.jpg,30.00 RON,in stock,new,Boundless Collection,marturie-iepuras-roz-048,Arts & Entertainment > Party & Celebration > Favors,marturii soia
marturie-macaron-roz-055,Marturie macaron roz in cutie kraft,"Marturie eleganta sub forma de macaron roz, realizata manual din ceara de soia. Ambalata in cutie kraft cu fereastra, decorata cu panglica roz si flori uscate crem. Eticheta rotunda personalizabila cu nume si data. Un cadou delicat si rafinat pentru botezuri si evenimente speciale.",https://boundlesscollection.ro/p/marturie-macaron-roz-in-cutie-kraft-marturie.html,https://boundlesscollection.ro/images/marturii/marturie-macaron-roz.jpg,20.00 RON,in stock,new,Boundless Collection,marturie-macaron-roz-055,Arts & Entertainment > Party & Celebration > Favors,marturii soia
marturie-borcan-bujor-057,Marturie in borcan de sticla cu bujor roz,"Marturie eleganta din ceara de soia turnata in borcan de sticla, decorata cu floare tip bujor roz. Ambalata in cutie transparenta cu funda satin si flori uscate. Eticheta personalizabila cu nume si data. Un cadou rafinat si delicat pentru botezuri, nunti si evenimente speciale.",https://boundlesscollection.ro/p/marturie-in-borcan-de-sticla-cu-bujor-roz-marturie.html,https://boundlesscollection.ro/images/marturii/marturie-borcan-bujor-roz.jpg,25.00 RON,in stock,new,Boundless Collection,marturie-borcan-bujor-057,Arts & Entertainment > Party & Celebration > Favors,marturii soia
marturie-cuplu-imbratisat-roz-001,Marturie nunta cuplu imbratisat roz pudrat,"Marturie eleganta pentru nunta in forma de cuplu imbratisat, realizata manual din ceara de soia. Design minimalist si romantic, cu finisaj mat si detalii line. Ideala ca marturie pentru invitati, cadou simbolic ce completeaza perfect decorul mesei. Culoarea si aroma pot fi personalizate la comanda.",https://boundlesscollection.ro/p/marturie-nunta-cuplu-imbratisat-roz-pudrat-marturie.html,https://boundlesscollection.ro/images/marturii/marturie-cuplu-imbratisat-roz.jpg,30.00 RON,in stock,new,Boundless Collection,marturie-cuplu-imbratisat-roz-001,Arts & Entertainment > Party & Celebration > Favors,marturii soia
marturie-ursulet-maro-001,Marturie ursulet maro din ceara de soia,"Marturie adorabila in forma de ursulet sezand, realizata manual din ceara de soia in nuanta maro cald. Design jucaus si minimalist, cu detalii fine la fata si finisaj mat. Ideala pentru botezuri, aniversari sau nunti cu tematica cozy, oferind invitatilor un cadou simpatic si memorabil. Culoarea si aroma pot fi personalizate la comanda.",https://boundlesscollection.ro/p/marturie-ursulet-maro-din-ceara-de-soia-marturie.html,https://boundlesscollection.ro/images/marturii/marturie-ursulet-maro.jpg,30.00 RON,in stock,new,Boundless Collection,marturie-ursulet-maro-001,Arts & Entertainment > Party & Celebration > Favors,marturii soia
marturie-iepuras-inima-maro-002,Marturie iepuras cu inimioara din ceara de soia,"Marturie adorabila in forma de iepuras sezand, cu urechi lungi, care formeaza o inimioara cu labutele din fata. Realizata manual din ceara de soia in nuanta maro cald, cu finisaj catifelat si detalii fine (labute, botic si expresie blanda). Ideala pentru botez, evenimente pentru copii sau petreceri tematice, oferind invitatilor un cadou delicat si memorabil.",https://boundlesscollection.ro/p/marturie-iepuras-cu-inimioara-din-ceara-de-soia-marturie.html,https://boundlesscollection.ro/images/marturii/marturie-iepuras-inima-maro.jpg,30.00 RON,in stock,new,Boundless Collection,marturie-iepuras-inima-maro-002,Arts & Entertainment > Party & Celebration > Favors,marturii soia
marturie-ursulet-inimioare-roz-003,Marturie ursulet cu inimioare roz din ceara de soia,"Marturie adorabila in forma de ursulet sezand, realizata manual din ceara de soia in nuanta ivory/crem. Are detalii fine pictate: botic si urechi roz pal, ochi expresivi, iar pe labutele din fata sunt inimioare roz evidente. Aspect catifelat si finish premium, perfecta pentru botez, aniversari de copii sau evenimente cu tematica teddy. Culoarea si aroma pot fi personalizate la comanda.",https://boundlesscollection.ro/p/marturie-ursulet-cu-inimioare-roz-din-ceara-de-soia-marturie.html,https://boundlesscollection.ro/images/marturii/marturie-ursulet-inimioare-roz.jpg,30.00 RON,in stock,new,Boundless Collection,marturie-ursulet-inimioare-roz-003,Arts & Entertainment > Party & Celebration > Favors,marturii soia
marturie-ursulet-inima-roz-004,Marturie ursulet cu inimioara roz din ceara de soia,"Marturie simpatica in forma de ursulet alb/ivory, realizata manual din ceara de soia. Urasul sta asezat si tine in brate o inimioara roz sidefata, evidentiata in relief; pe labutele din fata are accente discrete aurii in forma de inimioare. Detalii pictate fin la ochi si botic, aspect catifelat si finisaj curat. Ideala pentru botez, baby shower, aniversari sau cadouri pentru invitati. Culoarea si aroma se pot personaliza la comanda.",https://boundlesscollection.ro/p/marturie-ursulet-cu-inimioara-roz-din-ceara-de-soia-marturie.html,https://boundlesscollection.ro/images/marturii/marturie-ursulet-inima-roz.jpg,30.00 RON,in stock,new,Boundless Collection,marturie-ursulet-inima-roz-004,Arts & Entertainment > Party & Celebration > Favors,marturii soia
marturie-bubble-cube-alb-005,Marturie lumanare bubble cube alba din ceara de soia,"Marturie minimalista tip bubble cube, realizata manual din ceara de soia 100% naturala. Forma cubica din sfere perfect rotunjite, finisaj mat/ivory si fitil centrat pentru ardere uniforma. Potrivita pentru nunta, botez, aniversari sau cadou pentru invitati. Culoarea si aroma se pot personaliza la comanda.",https://boundlesscollection.ro/p/marturie-lumanare-bubble-cube-alba-din-ceara-de-soia-marturie.html,https://boundlesscollection.ro/images/marturii/marturie-bubble-cube-alb.jpg,15.00 RON,in stock,new,Boundless Collection,marturie-bubble-cube-alb-005,Arts & Entertainment > Party & Celebration > Favors,marturii soia
marturie-fluture-alb-006,Marturie lumanare fluture alba din ceara de soia,"Marturie delicata in forma de fluture, realizata manual din ceara de soia naturala. Design fin cu aripi in relief si doua fitiluri pentru efect decorativ special. Ideala pentru botez, nunta, aniversari sau cadouri pentru invitati. Culoarea si aroma se pot personaliza la comanda.",https://boundlesscollection.ro/p/marturie-lumanare-fluture-alba-din-ceara-de-soia-marturie.html,https://boundlesscollection.ro/images/marturii/marturie-fluture-alb.jpg,12.00 RON,in stock,new,Boundless Collection,marturie-fluture-alb-006,Arts & Entertainment > Party & Celebration > Favors,marturii soia
marturie-bebelus-trandafir-rose-067,Marturie lumanare bebelus in trandafir din ceara de soia,"Marturie deosebita in forma de trandafir deschis, cu bebelus in interior, realizata manual din ceara de soia naturala. Piesa simbolica si eleganta pentru botez, baby shower sau evenimente de familie. Finisaj delicat cu accente sidefate; culoarea si aroma se pot personaliza la comanda. Se poate ambala individual cu eticheta personalizata.",https://boundlesscollection.ro/p/marturie-lumanare-bebelus-in-trandafir-din-ceara-de-soia-marturie.html,https://boundlesscollection.ro/images/marturii/marturie-bebelus-trandafir.jpg,35.00 RON,in stock,new,Boundless Collection,marturie-bebelus-trandafir-rose-067,Arts & Entertainment > Party & Celebration > Favors,marturii soia
marturie-iepuras-floricica-068,Marturie iepuras cu floricica din ceara de soia,"Marturie simpatica in forma de iepuras cu urechi roz si o floricica in brate, realizata manual din ceara de soia. Are detalii pictate fin si finisaj delicat, fiind perfecta pentru botez, aniversari sau evenimente cu tematica bunny/spring. Culoarea si aroma se pot personaliza la comanda. Se poate ambala individual cu eticheta personalizata.",https://boundlesscollection.ro/p/marturie-iepuras-cu-floricica-din-ceara-de-soia-marturie.html,https://boundlesscollection.ro/images/marturii/marturie-iepuras-floricica.jpg,30.00 RON,in stock,new,Boundless Collection,marturie-iepuras-floricica-068,Arts & Entertainment > Party & Celebration > Favors,marturii soia
marturie-fluture-roz-cutie-069,Marturie fluture roz in cutie cu eticheta personalizata,"Marturie delicata realizata din ceara de soia, sub forma de fluture roz parfumabil. Este ambalata intr-o cutie eleganta kraft cu capac transparent si umplutura alba, decorata cu flori uscate si pana decorativa. Include eticheta rotunda personalizabila cu nume si data evenimentului. Potrivita pentru botez, nunta, aniversari sau baby shower; culorile, aroma si decorul se pot adapta la tema ta.",https://boundlesscollection.ro/p/marturie-fluture-roz-in-cutie-cu-eticheta-personalizata-marturie.html,https://boundlesscollection.ro/images/marturii/marturie-fluture-roz-cutie.jpg,25.00 RON,in stock,new,Boundless Collection,marturie-fluture-roz-cutie-069,Arts & Entertainment > Party & Celebration > Favors,marturii soia
marturie-margareta-bleu-cutie-070,Marturie margareta alb-bleu in cutie cu eticheta personalizata,"Marturie eleganta din ceara de soia, model floare tip margareta in alb cu centru bleu, parfumabila. Ambalata intr-o cutie kraft cu capac transparent si manseta argintie, completata de panglica satin bleu, flori uscate si eticheta rotunda personalizabila cu nume si data. Ideala pentru botez, baby shower sau evenimente cu tematica bleu; culorile si aroma se pot realiza la comanda.",https://boundlesscollection.ro/p/marturie-margareta-alb-bleu-in-cutie-cu-eticheta-personalizata-marturie.html,https://boundlesscollection.ro/images/marturii/marturie-margareta-bleu-cutie.jpg,25.00 RON,in stock,new,Boundless Collection,marturie-margareta-bleu-cutie-070,Arts & Entertainment > Party & Celebration > Favors,marturii soia
marturie-trandafir-inima-marble-071,Marturie lumanare trandafir inima ivory-roz in cutie cu eticheta personalizata,"Marturie romantica din ceara de soia, model floare de trandafir in forma de inima, cu efect marmorat ivory si roz pudrat, parfumabila. Ambalata elegant intr-o cutie alba cu capac transparent si manseta argintie, decorata cu snur auriu, flori uscate si eticheta rotunda personalizabila cu numele mirilor si data evenimentului. Perfecta pentru nunta, logodna sau aniversari; culorile si aroma se pot realiza la comanda.",https://boundlesscollection.ro/p/marturie-lumanare-trandafir-inima-ivory-roz-in-cutie-cu-eticheta-personalizata-marturie.html,https://boundlesscollection.ro/images/marturii/marturie-trandafir-inima-marble.jpg,25.00 RON,in stock,new,Boundless Collection,marturie-trandafir-inima-marble-071,Arts & Entertainment > Party & Celebration > Favors,marturii soia
marturie-trandafir-ivory-cutie-inima-072,Marturie lumanare trandafir ivory in cutie cu eticheta inimioare,"Marturie eleganta din ceara de soia, model trandafir sculptat in nuanta ivory cu accente discrete sidefate. Ambalata in cutie alba cu capac transparent si manseta argintie, legata cu snur auriu si decorata cu flori uscate roz si crem. Eticheta rotunda cu design inimioare se personalizeaza cu numele mirilor si data evenimentului. Ideala pentru nunta, logodna sau aniversari; culorile si aroma pot fi realizate la comanda.",https://boundlesscollection.ro/p/marturie-lumanare-trandafir-ivory-in-cutie-cu-eticheta-inimioare-marturie.html,https://boundlesscollection.ro/images/marturii/marturie-trandafir-ivory-cutie-inima.jpg,25.00 RON,in stock,new,Boundless Collection,marturie-trandafir-ivory-cutie-inima-072,Arts & Entertainment > Party & Celebration > Favors,marturii soia
marturie-inima-mainile-mirilor-cutie-inima-073,Marturie lumanare inima cu mainile mirilor in cutie cu eticheta inimioare,"Marturie rafinata din ceara de soia in forma de inima, cu detaliu reliefat reprezentand mainile mirilor in nuanta roz pudrat pe baza ivory. Ambalata in cutie alba cu capac transparent si manseta argintie, legata cu snur auriu, decorata cu flori uscate naturale si eticheta rotunda personalizabila cu nume si data. Ideala pentru nunta, un simbol delicat al iubirii si unitatii; culorile si aroma se pot realiza la comanda.",https://boundlesscollection.ro/p/marturie-lumanare-inima-cu-mainile-mirilor-in-cutie-cu-eticheta-inimioare-marturie.html,https://boundlesscollection.ro/images/marturii/marturie-inima-mainile-mirilor-cutie-inima.jpg,25.00 RON,in stock,new,Boundless Collection,marturie-inima-mainile-mirilor-cutie-inima-073,Arts & Entertainment > Party & Celebration > Favors,marturii soia
marturie-floare-margareta-teracota-cutie-074,Marturie lumanare floare margareta in suport teracota cu eticheta personalizata,"Marturie eleganta din ceara de soia in forma de margareta, cu petale ivory si accente portocalii, montata intr-un suport rotund din teracota. Fitil centrat pentru ardere uniforma si aspect decorativ premium. Se livreaza in cutie alba cu fereastra, legata cu sfoara natur si eticheta rotunda personalizabila cu nume si data evenimentului. Potrivita pentru nunti si botezuri, ca dar delicat cu vibe natural; culoarea si aroma se pot personaliza la comanda.",https://boundlesscollection.ro/p/marturie-lumanare-floare-margareta-in-suport-teracota-cu-eticheta-personalizata-marturie.html,https://boundlesscollection.ro/images/marturii/marturie-floare-margareta-teracota.jpg,35.00 RON,in stock,new,Boundless Collection,marturie-floare-margareta-teracota-cutie-074,Arts & Entertainment > Party & Celebration > Favors,marturii soia
marturie-inima-roz-cutie-transparenta-075,Marturie lumanare in forma de inima roz texturata in cutie transparenta cu eticheta personalizata,"Marturie romantica din ceara de soia in forma de inima cu textura tip fagure, in nuanta roz pudrat. Designul detaliat pune in valoare lumina calda a flacarii si ofera un aspect modern, delicat. Se livreaza in cutie transparenta cu umplutura decorativa alba, funda satin roz si eticheta rotunda personalizabila cu nume si data evenimentului. Ideala pentru nunta, logodna sau botez, ca amintire dulce si eleganta pentru invitati; culoarea si aroma pot fi personalizate la comanda.",https://boundlesscollection.ro/p/marturie-lumanare-in-forma-de-inima-roz-texturata-in-cutie-transparenta-cu-eticheta-personalizata-marturie.html,https://boundlesscollection.ro/images/marturii/marturie-inima-roz-texturata-cutie.jpg,32.00 RON,in stock,new,Boundless Collection,marturie-inima-roz-cutie-transparenta-075,Arts & Entertainment > Party & Celebration > Favors,marturii soia
marturie-inima-roz-neteda-cutie-transparenta-074,Marturie lumanare in forma de inima roz neteda in cutie transparenta cu eticheta personalizata,"Marturie eleganta din ceara de soia in forma de inima cu finisaj neted si linii moderne, in nuanta roz pastel. Aspectul curat si minimalist o face potrivita pentru evenimente romantice cu tematica delicata. Se livreaza in cutie transparenta cu umplutura decorativa alba, funda satin roz si eticheta rotunda personalizabila cu nume si data. Un cadou rafinat pentru invitati la nunta, cununie civila sau logodna; la comanda se pot alege alte culori si arome.",https://boundlesscollection.ro/p/marturie-lumanare-in-forma-de-inima-roz-neteda-in-cutie-transparenta-cu-eticheta-personalizata-marturie.html,https://boundlesscollection.ro/images/marturii/marturie-inima-roz-neteda-cutie.jpg,30.00 RON,in stock,new,Boundless Collection,marturie-inima-roz-neteda-cutie-transparenta-074,Arts & Entertainment > Party & Celebration > Favors,marturii soia
marturie-talpite-bebe-inimoara-roz-card-personalizat-075,Marturie set parfumate talpite bebe si inimioara roz pe card personalizat,"Marturie delicata pentru botez sau prima aniversare, compusa din doua talpite de bebe si o inimioara roz pastel, realizate din ceara parfumata. Setul este asezat pe un card cu design floral si tematica baby, personalizabil cu numele copilului si data evenimentului. Un suvenir dulce si fin pentru invitati, potrivit pentru evenimente cu decor romantic sau pastel. La comanda se pot alege alte culori si arome.",https://boundlesscollection.ro/p/marturie-set-parfumate-talpite-bebe-si-inimioara-roz-pe-card-personalizat-marturie.html,https://boundlesscollection.ro/images/marturii/marturie-talpite-bebe-inimoara-roz-card.jpg,12.00 RON,in stock,new,Boundless Collection,marturie-talpite-bebe-inimoara-roz-card-personalizat-075,Arts & Entertainment > Party & Celebration > Favors,marturii botez
marturie-talpite-bebe-litera-personalizata-roz-card-076,Marturie talpite bebe roz si litera personalizata pe card tematic,"Marturie delicata pentru botez sau prima aniversare, compusa din doua talpite de bebe roz pastel si o litera personalizata (initiala numelui), realizate din ceara parfumata. Setul este asezat pe un card cu design floral si tematica baby, personalizat cu numele copilului si data evenimentului. Un suvenir fin si emotionant pentru invitati, potrivit pentru decoruri pastelate si evenimente de familie. La comanda se pot alege alte culori, arome si orice litera dorita.",https://boundlesscollection.ro/p/marturie-talpite-bebe-roz-si-litera-personalizata-pe-card-tematic-marturie.html,https://boundlesscollection.ro/images/marturii/marturie-talpite-bebe-litera-roz-card.jpg,20.00 RON,in stock,new,Boundless Collection,marturie-talpite-bebe-litera-personalizata-roz-card-076,Arts & Entertainment > Party & Celebration > Favors,marturii botez
marturie-inima-lalele-rosii-001,Marturie lumanare inima cu lalele rosii din ceara de soia,"Marturie romantica in forma de inima, decorata cu lalele rosii in relief si frunze verzi, realizata manual din ceara de soia naturala. Piesa parfumabila, cu aspect premium, ideala ca marturie pentru nunta, botez sau aniversari. Culoarea si aroma pot fi personalizate la comanda, iar produsul se poate ambala individual cu eticheta personalizata.",https://boundlesscollection.ro/p/marturie-lumanare-inima-cu-lalele-rosii-din-ceara-de-soia-marturie.html,https://boundlesscollection.ro/images/marturii/marturie-inima-lalele-rosii.jpg,25.00 RON,in stock,new,Boundless Collection,marturie-inima-lalele-rosii-001,Arts & Entertainment > Party & Celebration > Favors,marturii soia
marturie-scoica-perla-015,Marturie lumanare scoica cu perla,"Lumanare din soia in forma de scoica, cu perla decorativa; ambalaj cutie transparenta si fundita. Eticheta personalizata.",https://boundlesscollection.ro/p/marturie-lumanare-scoica-cu-perla-marturie.html,https://boundlesscollection.ro/images/marturii/marturie-lumanare-scoica-perla.jpg,12.00 RON,in stock,new,Boundless Collection,marturie-scoica-perla-015,Arts & Entertainment > Party & Celebration > Favors,marturii soia
marturie-iepuras-inima-050,Marturie iepuras roz cu inimioara,"Marturie in forma de iepuras roz cu inimioara, realizata manual din ceara de soia si decorata cu fundita rosie. O alegere delicata si adorabila pentru botezuri, cadouri si evenimente tematice.",https://boundlesscollection.ro/p/marturie-iepuras-roz-cu-inimioara-marturie.html,https://boundlesscollection.ro/images/marturii/marturie-iepuras-inima.jpg,30.00 RON,in stock,new,Boundless Collection,marturie-iepuras-inima-050,Arts & Entertainment > Party & Celebration > Favors,marturii soia
marturie-bebelus-tulle-roz-bleu-001,Marturie lumanare bebelus in tulle roz sau bleu,"Marturie delicata din ceara de soia, cu figurina bebelus si inimioara decorativa, ambalata individual in saculet de tulle cu fundita satin (roz sau bleu) si eticheta personalizata. Ideala pentru botez, baby shower sau prima aniversare. Culoarea, aroma si textul se pot personaliza la comanda. Pretul este pentru 1 bucata.",https://boundlesscollection.ro/p/marturie-lumanare-bebelus-in-tulle-roz-sau-bleu-marturie.html,https://boundlesscollection.ro/images/marturii/marturie-bebelus-tulle-roz-bleu.jpg,30.00 RON,in stock,new,Boundless Collection,marturie-bebelus-tulle-roz-bleu-001,Arts & Entertainment > Party & Celebration > Favors,marturii soia
marturie-familie-ursuleti-ivory-001,Marturie lumanare familie ursuleti ivory din ceara de soia,"Marturie delicata in forma de familie de ursuleti, realizata manual din ceara de soia in nuanta ivory cu accente calde. Design jucaus si emotionant, ideal pentru botez, nunta sau aniversari de copii. Poate fi parfumata si personalizata la comanda (culoare/aroma/ambalare). Pretul este pentru 1 bucata.",https://boundlesscollection.ro/p/marturie-lumanare-familie-ursuleti-ivory-din-ceara-de-soia-marturie.html,https://boundlesscollection.ro/images/marturii/marturie-familie-ursuleti-ivory.jpg,30.00 RON,in stock,new,Boundless Collection,marturie-familie-ursuleti-ivory-001,Arts & Entertainment > Party & Celebration > Favors,marturii soia
marturie-ursulet-roz-064,Marturie ursulet roz in cutie transparenta,"Marturie adorabila sub forma de ursulet roz sculptat din ceara de soia, cu detalii florale fine. Ambalat in cutie transparenta, decorata cu funda roz si flori uscate. Un cadou modern, jucaus si elegant, perfect pentru botezuri si evenimente.",https://boundlesscollection.ro/p/marturie-ursulet-roz-in-cutie-transparenta-marturie.html,https://boundlesscollection.ro/images/marturii/marturie-ursulet-roz.jpg,30.00 RON,in stock,new,Boundless Collection,marturie-ursulet-roz-064,Arts & Entertainment > Party & Celebration > Favors,marturii soia
marturie-adidas-bleu-058,Marturie adidas bleu in tulle,"Marturie adorabila in forma de adidas bleu, realizata manual din ceara de soia. Ambalata in tulle bleu cu funda satin albastra si eticheta personalizabila cu nume si data, in cutie de adidas in miniatura. Un cadou tematic si unic pentru botezuri de baieti.",https://boundlesscollection.ro/p/marturie-adidas-bleu-in-tulle-marturie.html,https://boundlesscollection.ro/images/marturii/marturie-adidas-bleu.jpg,25.00 RON,in stock,new,Boundless Collection,marturie-adidas-bleu-058,Arts & Entertainment > Party & Celebration > Favors,marturii soia
marturie-urs-mama-pui-051,Marturie urs mama si pui,"Marturie delicata din ceara de soia, reprezentand o mama urs cu puiul ei, lucrata manual cu detalii fine. O piesa adorabila si simbolica, perfecta pentru botezuri si evenimente.",https://boundlesscollection.ro/p/marturie-urs-mama-si-pui-marturie.html,https://boundlesscollection.ro/images/marturii/marturie-urs-mama-pui.jpg,25.00 RON,in stock,new,Boundless Collection,marturie-urs-mama-pui-051,Arts & Entertainment > Party & Celebration > Favors,marturii soia
marturie-tulle-bleu-norisor-001,Marturie lumanare norisor bleu in saculet tulle cu eticheta personalizata,"Marturie delicata din ceara de soia in forma de norisor nuanta bleu pastel, ambalata individual in saculet de tulle alb cu fundita satin bleu si eticheta rotunda personalizabila cu nume si data. Ideala pentru botez, baby shower sau prima aniversare. Culoarea si aroma se pot realiza la comanda. Pretul este pentru 1 bucata.",https://boundlesscollection.ro/p/marturie-lumanare-norisor-bleu-in-saculet-tulle-cu-eticheta-personalizata-marturie.html,https://boundlesscollection.ro/images/marturii/marturie-norisor-bleu-tulle.jpg,20.00 RON,in stock,new,Boundless Collection,marturie-tulle-bleu-norisor-001,Arts & Entertainment > Party & Celebration > Favors,marturii soia
plic-dar-balerina-roz-052,Plic de dar balerina roz,"Plic de dar in nuante roz pastel, cu ilustratie delicata balerina si fundite. Printat pe carton premium, ideal pentru botezuri si evenimente elegante.",https://boundlesscollection.ro/p/plic-de-dar-balerina-roz-plic-dar.html,https://boundlesscollection.ro/images/plicuri/plic-dar-balerina-roz.jpg,4.50 RON,in stock,new,Boundless Collection,plic-dar-balerina-roz-052,Arts & Entertainment > Party & Celebration > Party Supplies,plicuri
plic-dar-miri-silueta-061,Plic de dar cu silueta miri si flori alb-verde,"Plic de dar elegant pentru nunta, decorat cu silueta mire si mireasa si coronita florala alb-verde. Printat pe carton premium alb, cu text personalizabil si spatiu dedicat pentru numele familiei. Un model rafinat si modern, potrivit pentru evenimente.",https://boundlesscollection.ro/p/plic-de-dar-cu-silueta-miri-si-flori-alb-verde-plic-dar.html,https://boundlesscollection.ro/images/plicuri/plic-dar-miri-silueta.jpg,4.50 RON,in stock,new,Boundless Collection,plic-dar-miri-silueta-061,Arts & Entertainment > Party & Celebration > Party Supplies,plicuri
plic-dar-safari-bine-ati-venit-001,Plic de dar botez Safari cu mesaj bine ati venit,"Plic de dar pentru botez cu tematica Safari, decorat cu ilustratii animale de jungla (zebra, leu, hipopotam, elefant, girafa) si frunze tropicale. Include mesaj de intampinare „Bine ati venit!” si spatiu pentru personalizare cu numele copilului/familiei. Printat pe carton premium mat, ideal pentru masa de dar si un decor unitar la eveniment.",https://boundlesscollection.ro/p/plic-de-dar-botez-safari-cu-mesaj-bine-ati-venit-plic-dar.html,https://boundlesscollection.ro/images/plicuri/plic-dar-safari-bine-ati-venit.jpg,5.00 RON,in stock,new,Boundless Collection,plic-dar-safari-bine-ati-venit-001,Arts & Entertainment > Party & Celebration > Gift Giving > Money Envelopes,plicuri
plic-dar-ursulet-baloane-albastru-078,Plic de dar ursulet cu baloane albastre,"Plic de dar pentru botez sau prima aniversare, cu design delicat in nuante de albastru si ilustratie cu ursulet si baloane. Include mesaj de multumire pentru invitati si spatiu pentru personalizare cu numele copilului. Ideal pentru mesele de dar, completand tematica evenimentului intr-un mod elegant si unitar. Se poate realiza si pe alte culori/teme (roz, bej, safari, floral etc.), la cerere.",https://boundlesscollection.ro/p/plic-de-dar-ursulet-cu-baloane-albastre-plic-dar.html,https://boundlesscollection.ro/images/marturii/plic-dar-ursulet-baloane-albastru.jpg,5.00 RON,in stock,new,Boundless Collection,plic-dar-ursulet-baloane-albastru-078,Arts & Entertainment > Party & Celebration > Gift Giving > Money Envelopes,accesorii eveniment
plic-boho-verde-016,Plic de dar boho verde natur,"Plic de dar pe carton texturat verde/crem/bej, model cu frunze si flori uscate. Personalizare nume si mesaj.",https://boundlesscollection.ro/p/plic-de-dar-boho-verde-natur-plic-boh.html,https://boundlesscollection.ro/images/plicuri/plic-boho-verde-natur.jpg,4.50 RON,in stock,new,Boundless Collection,plic-boho-verde-016,Arts & Entertainment > Party & Celebration > Party Supplies,plicuri
set-invitatie-plic-boho-018,Set invitatie + plic de dar boho natur,"Set coordonat pe carton texturat: invitatie + plic de dar; sigiliu auriu, flori uscate, sfoara subtire. Personalizabil.",https://boundlesscollection.ro/p/set-invitatie-plic-de-dar-boho-natur-set-invi.html,https://boundlesscollection.ro/images/seturi/set-invitatie-plic-boho-natur.jpg,17.00 RON,in stock,new,Boundless Collection,set-invitatie-plic-boho-018,Arts & Entertainment > Party & Celebration > Invitations,set
set-invitatie-plic-ursulet-060,Set invitatie + plic de dar cu ursulet,"Set coordonat pentru botez, format din invitație pe carton premium alb cu ilustratie ursuleț pastel și detalii delicate, plus plic de dar asortat cu același design. Atât invitația cât și plicul se personalizează integral cu nume, dată și textul dorit. Invitatia vine rulata sul si legata cu panglica de satin",https://boundlesscollection.ro/p/set-invitatie-plic-de-dar-cu-ursulet-set-invi.html,https://boundlesscollection.ro/images/seturi/set-invitatie-plic-ursulet.jpg,14.00 RON,in stock,new,Boundless Collection,set-invitatie-plic-ursulet-060,Arts & Entertainment > Party & Celebration > Invitations,set
set-invitatie-meniu-plic-lamai-063,Set invitatie + meniu + plic de dar cu lamai,"Set complet pentru nunta cu tematica mediteraneana: invitatie pe carton premium cu grafica lămâi și flori albastre, meniu asortat în același stil vibrant și plic de dar decorat cu motive citrus și detalii elegante. Toate elementele sunt complet personalizabile cu nume, dată și textul dorit. Un set luminos, rafinat și perfect pentru evenimente fresh, de vară.",https://boundlesscollection.ro/p/set-invitatie-meniu-plic-de-dar-cu-lamai-set-invi.html,https://boundlesscollection.ro/images/seturi/set-invitatie-meniu-plic-lamai.jpg,29.00 RON,in stock,new,Boundless Collection,set-invitatie-meniu-plic-lamai-063,Arts & Entertainment > Party & Celebration > Invitations,set
plic-dar-ursulet-059,Plic de dar cu ursulet pentru botez,"Plic de dar elegant pentru botez, ilustrat cu ursuleț pastel într-un coș împletit. Printat pe carton premium alb, cu text personalizabil și spațiu dedicat pentru numele familiei. Potrivit pentru tematici delicate și evenimente rafinate.",https://boundlesscollection.ro/p/plic-de-dar-cu-ursulet-pentru-botez-plic-dar.html,https://boundlesscollection.ro/images/plicuri/plic-dar-ursulet.jpg,4.50 RON,in stock,new,Boundless Collection,plic-dar-ursulet-059,Arts & Entertainment > Party & Celebration > Party Supplies,plicuri
plic-dar-miri-greenery-062,Plic de dar miri cu greenery,"Plic de dar elegant pentru nunta, ilustrat cu un cuplu de miri în nuanțe calde și coronită greenery în partea superioară. Printat pe carton premium alb, text personalizabil și spațiu dedicat pentru numele familiei. Model rafinat, modern și potrivit pentru nunți.",https://boundlesscollection.ro/p/plic-de-dar-miri-cu-greenery-plic-dar.html,https://boundlesscollection.ro/images/plicuri/plic-dar-miri-greenery.jpg,4.50 RON,in stock,new,Boundless Collection,plic-dar-miri-greenery-062,Arts & Entertainment > Party & Celebration > Party Supplies,plicuri
plic-boho-auriu-019,Plic de dar boho auriu elegant,"Plic de dar pe carton texturat cu nuante aurii, print fata-verso. Stil minimalist si elegant pentru evenimente.",https://boundlesscollection.ro/p/plic-de-dar-boho-auriu-elegant-plic-boh.html,https://boundlesscollection.ro/images/plicuri/plic-boho-auriu-elegant.jpg,6.00 RON,in stock,new,Boundless Collection,plic-boho-auriu-019,Arts & Entertainment > Party & Celebration > Party Supplies,plicuri
plic-dar-ursulet-baloane-albastru-multumim-079,Plic de dar ursulet cu baloane albastre – mesaj multumire,"Plic de dar pentru botez sau prima aniversare, cu fundal bleu, ursulet simpatic si baloane in nuante pastel. Are imprimat mesajul de multumire pentru invitati si spatiu pentru completarea numelui familiei, fiind perfect pentru masa de dar. Designul delicat se potriveste tematicilor baby boy/primul an si poate fi personalizat pe culori sau texte diferite, la cerere.",https://boundlesscollection.ro/p/plic-de-dar-ursulet-cu-baloane-albastre-mesaj-multumire-plic-dar.html,https://boundlesscollection.ro/images/plicuri/plic-dar-ursulet-baloane-albastru-079.jpg,5.00 RON,in stock,new,Boundless Collection,plic-dar-ursulet-baloane-albastru-multumim-079,Arts & Entertainment > Party & Celebration > Gift Giving > Money Envelopes,plicuri
plic-dar-ursulet-petrecere-bebe-multumire-080,Plic de dar ursulet petrecere bebe – mesaj multumire,"Plic de dar cu tematica delicata pentru botez sau prima petrecere a bebelusului, decorat cu ursulet simpatic, stegulete festive si stelute aurii. Textul de multumire este potrivit pentru evenimente de copii si include spatiu pentru completarea numelui familiei. Aspectul cald si neutru il face usor de asortat cu orice decor pastel, fiind ideal pentru masa de dar.",https://boundlesscollection.ro/p/plic-de-dar-ursulet-petrecere-bebe-mesaj-multumire-plic-dar.html,https://boundlesscollection.ro/images/plicuri/plic-dar-ursulet-petrecere-bebe-multumire.jpg,5.00 RON,in stock,new,Boundless Collection,plic-dar-ursulet-petrecere-bebe-multumire-080,Arts & Entertainment > Party & Celebration > Gift Giving > Money Envelopes,plicuri
plic-botez-baietel-veverite-020,Plic botez baietel cu veverite jucause,"Plic pe carton mat premium, ilustratie doua veverite; mesaj de multumire personalizat. Tematica vesela pentru copii.",https://boundlesscollection.ro/p/plic-botez-baietel-cu-veverite-jucause-plic-bot.html,https://boundlesscollection.ro/images/plicuri/plic-botez-baietel-veverite.jpg,5.00 RON,in stock,new,Boundless Collection,plic-botez-baietel-veverite-020,Arts & Entertainment > Party & Celebration > Party Supplies,plicuri
plic-dar-verighete-multumire-001,Plic de dar cu verighete si mesaj multumim,"Plic de dar elegant pentru nunta, cu design floral pastel si verighete aurii, plus mesaj imprimat de multumire. Printat pe carton premium mat, cu spatiu pentru personalizare nume familie. Ideal pentru masa de dar si evenimente romantice.",https://boundlesscollection.ro/p/plic-de-dar-cu-verighete-si-mesaj-multumim-plic-dar.html,https://boundlesscollection.ro/images/plicuri/plic-dar-verighete-multumim.jpg,5.00 RON,in stock,new,Boundless Collection,plic-dar-verighete-multumire-001,Arts & Entertainment > Party & Celebration > Gift Giving > Money Envelopes,plicuri
meniu-botez-elefantel-bleu-053,Meniu botez elefantel bleu,"Meniu pentru botez cu ilustratii elefant si fundal bleu pastel, printat pe carton premium. Un design delicat si elegant, potrivit pentru evenimente tematice pentru baietei.",https://boundlesscollection.ro/p/meniu-botez-elefantel-bleu-meniu-bo.html,https://boundlesscollection.ro/images/meniuri/meniu-botez-elefant-bleu.jpg,7.00 RON,in stock,new,Boundless Collection,meniu-botez-elefantel-bleu-053,Arts & Entertainment > Party & Celebration > Party Supplies,meniuri
meniu-botez-safari-verde-054,Meniu botez Safari cu frunze verzi,"Meniu botez tematica Safari, cu animale de jungla si frunze tropicale la partea superioara, printat pe carton premium alb si pliat tip carte. Textul meniului se personalizeaza integral pentru evenimentul tău; imaginea din fotografii este exemplu de design.",https://boundlesscollection.ro/p/meniu-botez-safari-cu-frunze-verzi-meniu-bo.html,https://boundlesscollection.ro/images/meniuri/meniu-botez-safari-verde.jpg,9.00 RON,in stock,new,Boundless Collection,meniu-botez-safari-verde-054,Arts & Entertainment > Party & Celebration > Party Supplies,meniuri
meniu-botez-roz-sigiliu-049,Meniu botez roz cu sigiliu,"Meniu elegant printat pe carton premium, decorat cu sigiliu roz pudrat si aranjament floral uscat. Ideal pentru botezuri si evenimente cu tematica pastel.",https://boundlesscollection.ro/p/meniu-botez-roz-cu-sigiliu-meniu-bo.html,https://boundlesscollection.ro/images/meniuri/meniu-botez-roz-sigiliu.jpg,9.50 RON,in stock,new,Boundless Collection,meniu-botez-roz-sigiliu-049,Arts & Entertainment > Party & Celebration > Party Supplies,meniuri
meniu-botez-baietel-veverite-021,Meniu botez baietel cu veverite,Meniu personalizat pe carton mat premium; grafica cu veverite si ghinde. Se asorteaza cu invitatie/plic din colectie.,https://boundlesscollection.ro/p/meniu-botez-baietel-cu-veverite-meniu-bo.html,https://boundlesscollection.ro/images/meniuri/meniu-botez-baietel-veverite.jpg,7.00 RON,in stock,new,Boundless Collection,meniu-botez-baietel-veverite-021,Arts & Entertainment > Party & Celebration > Party Supplies,meniuri
marturie-lumanare-roz-022,Marturie lumanare roz pastel cu flori uscate,"Lumanare din soia roz pastel cu panglica satin, puf decorativ si eticheta personalizata. Potrivita pentru nunta/botez.",https://boundlesscollection.ro/p/marturie-lumanare-roz-pastel-cu-flori-uscate-marturie.html,https://boundlesscollection.ro/images/marturii/marturie-lumanare-roz.jpg,15.00 RON,in stock,new,Boundless Collection,marturie-lumanare-roz-022,Arts & Entertainment > Party & Celebration > Favors,marturii soia
set-meniu-plic-botez-safari-056,Set meniu + plic botez Safari,"Set coordonat pentru botez cu tematica Safari: meniu fata-verso pe carton premium, cu animale de jungla si frunze tropicale, plus plic asortat pentru dar sau mesaj. Textul de pe meniu si etichete se personalizeaza integral cu nume, data si detalii de eveniment.",https://boundlesscollection.ro/p/set-meniu-plic-botez-safari-set-meni.html,https://boundlesscollection.ro/images/seturi/set-meniu-plic-botez-safari.jpg,14.00 RON,in stock,new,Boundless Collection,set-meniu-plic-botez-safari-056,Arts & Entertainment > Party & Celebration > Invitations,set
set-invitatie-plic-botez-bleu-023,Set invitatie + plic botez bleu cu fundita si ursulet,"Invitatie si plic asortate in bleu pastel; fundita organza, ilustratii ursulet/Mickey. Carton premium mat, personalizabile.",https://boundlesscollection.ro/p/set-invitatie-plic-botez-bleu-cu-fundita-si-ursulet-set-invi.html,https://boundlesscollection.ro/images/seturi/set-invitatie-plic-botez-bleu.jpg,14.00 RON,in stock,new,Boundless Collection,set-invitatie-plic-botez-bleu-023,Arts & Entertainment > Party & Celebration > Invitations,seturi
plic-botez-bleu-ursulet-024,Plic botez bleu cu ursulet si Mickey,Plic de botez pe carton mat premium; ilustratii ursulet si Mickey; nuante bleu pastel. Personalizare nume si data.,https://boundlesscollection.ro/p/plic-botez-bleu-cu-ursulet-si-mickey-plic-bot.html,https://boundlesscollection.ro/images/plicuri/plic-botez-bleu-ursulet.jpg,4.50 RON,in stock,new,Boundless Collection,plic-botez-bleu-ursulet-024,Arts & Entertainment > Party & Celebration > Party Supplies,plicuri
sticker-oglinda-auriu-caligrafic-001,Sticker oglinda personalizat auriu (nume + data),"Autocolant caligrafic pentru oglinda de intampinare: nume mirii + data, vinil auriu lucios. Se livreaza gata de aplicat, cu folie de transfer. Dimensiuni si text personalizabile.",https://boundlesscollection.ro/p/sticker-oglinda-personalizat-auriu-nume-data-sticker-.html,https://boundlesscollection.ro/images/stickere/sticker-oglinda-auriu-mara-alexandru-2025.jpg,85.00 RON,in stock,new,Boundless Collection,sticker-oglinda-auriu-caligrafic-001,Home & Garden > Decor > Decals & Stickers,stickere oglinda
brad-floral-verde-ingeras-030,Brad floral Craciun cu ingeras si flori uscate,"Bradut decorativ de Craciun, realizat manual din floricele din ceara de soia. Model tip brad bogat in flori de iarna verde-menta, accente aurii, flori uscate si funda imprimata tematica; varf cu ingeras delicat. Piesa spectaculoasa pentru decor sau cadou premium de sarbatori. Ideal pentru decorul mesei de Craciun. Disponibila imediat bucata prezentata in imagine. Se realizeaza pe orice culoare la comanda. Timpul de lucru pentru o bucata este de 4 zile.",https://boundlesscollection.ro/p/brad-floral-craciun-cu-ingeras-si-flori-uscate-brad-flo.html,https://boundlesscollection.ro/images/craciun/brad-floral-verde-ingeras.jpg,299.99 RON,in stock,new,Boundless Collection,brad-floral-verde-ingeras-030,Home & Garden > Decor > Candles,craciun
box-craciun-waxmelts-100g-031,Box Craciun 100g cu wax melts parfumate,"Cutie cadou festiva cu wax melts parfumate, turnate manual din ceara de soia 100% naturala. Contine aprox. 100g de figurine aromate in forme de Craciun – omulet turta dulce, Mos Craciun, braduti, gnomi, acadele si cadouri. Cadoul perfect pentru iubitorii de arome de sarbatori.",https://boundlesscollection.ro/p/box-craciun-100g-cu-wax-melts-parfumate-box-crac.html,https://boundlesscollection.ro/images/craciun/box-waxmelts-100g.jpg,49.99 RON,in stock,new,Boundless Collection,box-craciun-waxmelts-100g-031,Home & Garden > Decor > Candles,craciun
box-craciun-waxmelts-40g-032,Box Craciun 40g cu wax melts parfumate,"Cutie cadou mica de Craciun cu aprox. 40g wax melts parfumate din ceara de soia, in forme de braduti. Aromă delicată, produs handmade perfect pentru un cadou festiv sau aromaterapie.",https://boundlesscollection.ro/p/box-craciun-40g-cu-wax-melts-parfumate-box-crac.html,https://boundlesscollection.ro/images/craciun/box-waxmelts-40g.jpg,25.00 RON,in stock,new,Boundless Collection,box-craciun-waxmelts-40g-032,Home & Garden > Decor > Candles,craciun
box-craciun-waxmelts-85g-033,Box Craciun 85g cu wax melts parfumate,"Cutie cadou de Craciun cu aprox. 85g wax melts parfumate din ceara de soia, in forme de braduti. Aromă festiva, perfectă pentru aromaterapie si cadouri elegante de sezon.",https://boundlesscollection.ro/p/box-craciun-85g-cu-wax-melts-parfumate-box-crac.html,https://boundlesscollection.ro/images/craciun/box-waxmelts-85g.jpg,40.00 RON,in stock,new,Boundless Collection,box-craciun-waxmelts-85g-033,Home & Garden > Decor > Candles,craciun
box-odorizante-dulap-craciun-034,Gift Set Crăciun – Odorizante dulap & Acadea parfumată,"Set festiv format din 2 odorizante pentru dulap din ceara de soia, decorate cu fulg albastru si crengute de brad, plus un wax melt acadea roz. Parfum intens, ideal pentru dulap, dressing, sertare sau cadouri elegante de Craciun.",https://boundlesscollection.ro/p/gift-set-craciun-odorizante-dulap-acadea-parfumata-box-odor.html,https://boundlesscollection.ro/images/craciun/box-odorizante-dulap.jpg,74.99 RON,in stock,new,Boundless Collection,box-odorizante-dulap-craciun-034,Home & Garden > Decor > Candles,craciun
gift-set-craciun-odorizante-bradut,Gift Set Crăciun – Odorizante dulap brăduț (2 buc) & Floare craciun,"Set festiv cu 2 odorizante brăduț din ceară de soia plus un wax melt, decorate manual cu frunze de ilex si poinsettia. Parfum intens, ideale pentru dulap, dressing, sertare sau ca un cadou elegant de Crăciun.",https://boundlesscollection.ro/p/gift-set-craciun-odorizante-dulap-bradut-2-buc-floare-craciun-gift-set.html,https://boundlesscollection.ro/images/craciun/odorizante-bradut-2buc.jpg,74.99 RON,in stock,new,Boundless Collection,gift-set-craciun-odorizante-bradut,Home & Garden > Decor > Candles,craciun
gift-set-craciun-odorizante-cafea-ilex,Gift Set Crăciun – Odorizante dulap Cafea & Ilex (2 buc),"Set cu 2 odorizante pentru dulap din ceară de soia – unul cu boabe de cafea, celălalt decorat cu ilex festiv. Parfum intens, ideale pentru dulap, dressing, sertare sau cadouri elegante de Crăciun.",https://boundlesscollection.ro/p/gift-set-craciun-odorizante-dulap-cafea-ilex-2-buc-gift-set.html,https://boundlesscollection.ro/images/craciun/odorizante-cafea-ilex-2buc.jpg,74.99 RON,in stock,new,Boundless Collection,gift-set-craciun-odorizante-cafea-ilex,Home & Garden > Decor > Candles,craciun
gift-set-craciun-odorizante-gingerbread-poinsettia,Gift Set Crăciun – Odorizante dulap Gingerbread & Poinsettia (2 buc),"Set festiv cu 2 odorizante pentru dulap din ceară de soia, decorate cu figurine de turtă dulce și floare poinsettia. Parfum intens și design premium – perfecte pentru dulap, dressing, spații mici sau ca și cadou elegant de Crăciun.",https://boundlesscollection.ro/p/gift-set-craciun-odorizante-dulap-gingerbread-poinsettia-2-buc-gift-set.html,https://boundlesscollection.ro/images/craciun/odorizante-gingerbread-poinsettia.jpg,84.99 RON,in stock,new,Boundless Collection,gift-set-craciun-odorizante-gingerbread-poinsettia,Home & Garden > Decor > Candles,craciun
gift-set-craciun-odorizante-portocala-scortisoara,Gift Set Crăciun – Odorizante dulap Portocală & Scorțișoară (2 buc),"Set festiv cu 2 odorizante pentru dulap din ceară de soia, decorate cu portocală deshidratată, baton de scorțișoară și elemente clasice de Crăciun. Parfum cald, condimentat și intens – ideal pentru dressing, dulap sau cadou rafinat de sărbători.",https://boundlesscollection.ro/p/gift-set-craciun-odorizante-dulap-portocala-scortisoara-2-buc-gift-set.html,https://boundlesscollection.ro/images/craciun/odorizante-portocala-scortisoara.jpg,74.99 RON,in stock,new,Boundless Collection,gift-set-craciun-odorizante-portocala-scortisoara,Home & Garden > Decor > Candles,craciun
box-macarons-waxmelts-10buc-036,Set Macarons Wax Melts - 10 bucati,"Set cadou cu 10 macarons wax melts parfumate, turnate manual din ceara de soia 100% naturala. Fiecare macaron este colorat diferit si are parfum intens, ideal pentru arzator de esente si pentru a crea o atmosfera cozy in casa. Perfect ca dar de Craciun, Secret Santa sau cadou pentru iubitorii de arome gurmande. Culorile si aromele se pot personaliza la comanda.",https://boundlesscollection.ro/p/set-macarons-wax-melts-10-bucati-box-maca.html,https://boundlesscollection.ro/images/craciun/box-macarons-waxmelts-10buc.jpg,79.99 RON,in stock,new,Boundless Collection,box-macarons-waxmelts-10buc-036,Home & Garden > Decor > Candles,craciun
lumanare-glob-om-zapada-001,Lumanare Craciun glob cu om de zapada,"Lumanare decorativa de Craciun in forma de glob cu om de zapada si brazi, ideala pentru cadou sau decor de sarbatori. Realizata manual din ceara de soia, cu detalii 3D fine si finisaj elegant. Arde uniform, fitil centrat. Culoarea si aroma pot fi personalizate la comanda.",https://boundlesscollection.ro/p/lumanare-craciun-glob-cu-om-de-zapada-lumanare.html,https://boundlesscollection.ro/images/craciun/lumanare-glob-om-zapada.jpg,55.00 RON,in stock,new,Boundless Collection,lumanare-glob-om-zapada-001,Home & Garden > Decor > Candles,craciun
lumanare-glob-mos-sanie-002,Lumanare Craciun glob cu Mos Craciun in sanie,"Lumanare decorativa de Craciun in forma de glob cu Mos Craciun in sanie si ren, cu detalii reliefate. Turnata manual din ceara de soia, aspect premium si tema clasica de sarbatori. Potrivita pentru decorul mesei sau cadou festiv. Culoarea si aroma pot fi personalizate.",https://boundlesscollection.ro/p/lumanare-craciun-glob-cu-mos-craciun-in-sanie-lumanare.html,https://boundlesscollection.ro/images/craciun/lumanare-glob-mos-sanie.jpg,35.00 RON,in stock,new,Boundless Collection,lumanare-glob-mos-sanie-002,Home & Garden > Decor > Candles,craciun
lumanare-rotunda-nasterea-domnului-003,Lumanare rotunda Nasterea Domnului,"Lumanare decorativa rotunda cu scena Nasterii Domnului in relief fin, pentru un Craciun cu semnificatie. Realizata manual din ceara de soia, cu suprafata mata si detalii sculptate. Ideala pentru decor traditional sau cadou cu mesaj. Culoarea si aroma se pot personaliza.",https://boundlesscollection.ro/p/lumanare-rotunda-nasterea-domnului-lumanare.html,https://boundlesscollection.ro/images/craciun/lumanare-rotunda-nasterea-domnului.jpg,40.00 RON,in stock,new,Boundless Collection,lumanare-rotunda-nasterea-domnului-003,Home & Garden > Decor > Candles,craciun
lumanare-cilindru-fulgi-craciun-051,Lumanare cilindru cu fulgi de zapada,"Lumanare cilindrica din ceara de soia, decorata cu fulgi de zapada in relief. Arde curat si uniform, perfecta pentru ambient de iarna. Disponibila si pe o marime mai mare.",https://boundlesscollection.ro/p/lumanare-cilindru-cu-fulgi-de-zapada-lumanare.html,https://boundlesscollection.ro/images/craciun/lumanare-cilindru-fulgi.jpg,38.00 RON,in stock,new,Boundless Collection,lumanare-cilindru-fulgi-craciun-051,Home & Garden > Decor > Candles,craciun
lumanare-casuta-home-craciun-052,Lumanare decorativa casuta HOME,"Lumanare decorativa din ceara de soia in forma de casuta cu text HOME in relief. Stil minimalist si cozy, ideala pentru decorul casei in sezonul rece sau ca dar de Craciun.",https://boundlesscollection.ro/p/lumanare-decorativa-casuta-home-lumanare.html,https://boundlesscollection.ro/images/craciun/lumanare-casuta-home.jpg,42.00 RON,in stock,new,Boundless Collection,lumanare-casuta-home-craciun-052,Home & Garden > Decor > Candles,craciun
lumanare-brad-straturi-craciun-001,Lumanare decorativa brad in straturi Craciun,"Lumanare decorativa turnata manual din ceara de soia, model brad cu straturi ondulate si textura eleganta. Este disponibila si intr-o marime mai mica.",https://boundlesscollection.ro/p/lumanare-decorativa-brad-in-straturi-craciun-lumanare.html,https://boundlesscollection.ro/images/craciun/lumanare-brad-straturi-craciun.jpg,35.00 RON,in stock,new,Boundless Collection,lumanare-brad-straturi-craciun-001,Home & Garden > Decor > Candles,craciun
lumanare-brad-stativ-craciun-053,Lumanare decorativa brad Craciun model cu suport,"Lumanare decorativa turnata manual din ceara de soia, in forma de brad cu straturi si suport. Aspect minimalist si elegant, perfecta pentru decorul de sarbatori sau cadou festiv. Pretul este pentru 1 bucata, fara aroma; culoarea si aroma pot fi personalizate la comanda.",https://boundlesscollection.ro/p/lumanare-decorativa-brad-craciun-model-cu-suport-lumanare.html,https://boundlesscollection.ro/images/craciun/lumanare-brad-suport.jpg,30.00 RON,in stock,new,Boundless Collection,lumanare-brad-stativ-craciun-053,Home & Garden > Decor > Candles,craciun
lumanare-brad-relief-craciun-004,Lumanare decorativa brad de Craciun in relief,"Lumanare decorativa din ceara de soia, model brad de Craciun cu straturi suprapuse si ramuri stilizate in relief fin. Turnata manual, cu finisaj mat si aspect elegant. Ideala pentru decorul de iarna, aranjamente festive sau cadouri de sarbatori. Pretul este pentru 1 bucata, fara aroma; culoarea si aroma pot fi personalizate la comanda. Este disponibila si in varianta mai mica.",https://boundlesscollection.ro/p/lumanare-decorativa-brad-de-craciun-in-relief-lumanare.html,https://boundlesscollection.ro/images/craciun/lumanare-brad-relief.jpg,40.00 RON,in stock,new,Boundless Collection,lumanare-brad-relief-craciun-004,Home & Garden > Decor > Candles,craciun
lumanare-brad-bule-craciun-060,Lumanare decorativa brad din bule Craciun,"Lumanare decorativa din ceara de soia in forma de brad din bule, cu steluta in varf. Turnata manual, cu aspect modern si festiv, perfecta pentru decorul mesei sau cadou de sarbatori. Culoarea si aroma pot fi personalizate la comanda.",https://boundlesscollection.ro/p/lumanare-decorativa-brad-din-bule-craciun-lumanare.html,https://boundlesscollection.ro/images/craciun/lumanare-brad-bule-steluta-craciun.jpg,32.00 RON,in stock,new,Boundless Collection,lumanare-brad-bule-craciun-060,Home & Garden > Decor > Candles,craciun
lumanare-glob-spiralat-craciun-053,Lumanare decorativa glob spiralat Craciun,"Lumanare decorativa din ceara de soia in forma de glob de Craciun cu striatii spiralate. Aspect elegant, ideala pentru decor festiv sau cadou de sezon. Culoarea si aroma pot fi personalizate la comanda.",https://boundlesscollection.ro/p/lumanare-decorativa-glob-spiralat-craciun-lumanare.html,https://boundlesscollection.ro/images/craciun/glob-spiralat-craciun.jpg,45.00 RON,in stock,new,Boundless Collection,lumanare-glob-spiralat-craciun-053,Home & Garden > Decor > Candles,craciun
lumanare-glob-arabesque-craciun-001,Lumanare Craciun glob decorativ cu model arabesque,"Lumanare decorativa de Craciun in forma de glob, cu model arabesque in relief fin. Turnata manual din ceara de soia, cu finisaj mat si detalii elegante. Ideala ca piesa de decor pe masa de sarbatori sau cadou festiv. Culoarea si aroma pot fi personalizate la comanda.",https://boundlesscollection.ro/p/lumanare-craciun-glob-decorativ-cu-model-arabesque-lumanare.html,https://boundlesscollection.ro/images/craciun/lumanare-glob-arabesque.jpg,35.00 RON,in stock,new,Boundless Collection,lumanare-glob-arabesque-craciun-001,Home & Garden > Decor > Candles,craciun
lumanare-masinuta-craciun-040,Lumanare decorativa masinuta Craciun,"Lumanare decorativa masinuta Craciun din ceara de soia. Masinuta stil van retro, turnata manual din ceara de soia, perfecta ca piesa centrala in decorul de sarbatori. O lumanare statement care transforma orice colt intr-un decor de poveste de iarna.",https://boundlesscollection.ro/p/lumanare-decorativa-masinuta-craciun-lumanare.html,https://boundlesscollection.ro/images/craciun/lumanare-masinuta-craciun.jpg,35.00 RON,in stock,new,Boundless Collection,lumanare-masinuta-craciun-040,Home & Garden > Decor > Candles,craciun
lumanare-fulg-craciun-041,Lumanare decorativa fulg de zapada Craciun,"Lumanare decorativa din ceara de soia in forma de fulg de zapada, realizata manual. O piesa eleganta si festiva, perfecta pentru decorul de iarna sau cadouri de sezon.",https://boundlesscollection.ro/p/lumanare-decorativa-fulg-de-zapada-craciun-lumanare.html,https://boundlesscollection.ro/images/craciun/lumanare-fulg-craciun.jpg,30.00 RON,in stock,new,Boundless Collection,lumanare-fulg-craciun-041,Home & Garden > Decor > Candles,craciun
lumanare-manusa-craciun-042,Lumanare decorativa manusa Craciun,"Lumanare decorativa din ceara de soia in forma de manusa de iarna, turnata manual cu detalii fine tip tricot. Un decor cald si festiv, perfect pentru iarna si cadouri de sezon.",https://boundlesscollection.ro/p/lumanare-decorativa-manusa-craciun-lumanare.html,https://boundlesscollection.ro/images/craciun/lumanare-manusa-craciun.jpg,32.00 RON,in stock,new,Boundless Collection,lumanare-manusa-craciun-042,Home & Garden > Decor > Candles,craciun
lumanare-brad-flat-craciun-043,Lumanare decorativa brad de Craciun flat,"Lumanare decorativa din ceara de soia in forma de brad stilizat, turnata manual si decorata cu fundita aurie. Un element festiv perfect pentru decoruri de iarna sau cadouri de sezon.",https://boundlesscollection.ro/p/lumanare-decorativa-brad-de-craciun-flat-lumanare.html,https://boundlesscollection.ro/images/craciun/lumanare-brad-flat-craciun.jpg,30.00 RON,in stock,new,Boundless Collection,lumanare-brad-flat-craciun-043,Home & Garden > Decor > Candles,craciun
lumanare-brad-craciun-025,Lumanare parfumata brad de Craciun,"Lumanare parfumata turnata manual din ceara de soia, in forma de brad de Craciun, cu detalii in relief (brazi, ren, fulgi de zapada). Ideala pentru decorul de iarna sau cadouri festive. Pretul este pentru 1 bucata, fara aroma, iar culoarea si aroma pot fi personalizate.",https://boundlesscollection.ro/p/lumanare-parfumata-brad-de-craciun-lumanare.html,https://boundlesscollection.ro/images/craciun/lumanare-brad-craciun.jpg,30.00 RON,in stock,new,Boundless Collection,lumanare-brad-craciun-025,Home & Garden > Decor > Candles,craciun
lumanare-gnom-bradut-026,Lumanare gnom Craciun cu funda aurie si bradut,"Lumanare decorativa in forma de gnom, turnata manual din ceara de soia, cu funda aurie si bradut. Ideala pentru decorul de iarna sau cadouri de Craciun. Pretul este pentru 1 bucata, fara aroma; culoarea si aroma pot fi personalizate la comandă.",https://boundlesscollection.ro/p/lumanare-gnom-craciun-cu-funda-aurie-si-bradut-lumanare.html,https://boundlesscollection.ro/images/craciun/lumanare-gnom-bradut.jpg,25.00 RON,in stock,new,Boundless Collection,lumanare-gnom-bradut-026,Home & Garden > Decor > Candles,craciun
lumanare-brad-fulgi-029,Lumanare brad Craciun,"Lumanare decorativa turnata manual din ceara de soia, model brad cu textura tip frunza. Decorata cu funda argintie si colpotel auriu. Ideala pentru decorul de sarbatori sau cadouri de Craciun. Pretul este pentru 1 bucata, fara aroma; culoarea si aroma pot fi personalizate.",https://boundlesscollection.ro/p/lumanare-brad-craciun-lumanare.html,https://boundlesscollection.ro/images/craciun/lumanare-brad-fulgi.jpg,28.00 RON,in stock,new,Boundless Collection,lumanare-brad-fulgi-029,Home & Garden > Decor > Candles,craciun
lumanare-om-zapada-craciun-044,Lumanare decorativa om de zapada Craciun,"Lumanare decorativa din ceara de soia in forma de om de zapada, cu detalii fine tip tricot si fular de iarna. Un decor adorabil si festiv, perfect pentru cadouri si atmosfera de sarbatori.",https://boundlesscollection.ro/p/lumanare-decorativa-om-de-zapada-craciun-lumanare.html,https://boundlesscollection.ro/images/craciun/lumanare-om-zapada-craciun.jpg,35.00 RON,in stock,new,Boundless Collection,lumanare-om-zapada-craciun-044,Home & Garden > Decor > Candles,craciun
lumanare-gnom-fulg-auriu-045,Lumanare decorativa gnom cu fulg auriu,"Lumanare decorativa din ceara de soia in forma de gnom de Craciun, cu nas rosu si fulg auriu aplicat manual. O piesa festiva si adorabila, perfecta pentru decoruri de iarna sau cadouri speciale.",https://boundlesscollection.ro/p/lumanare-decorativa-gnom-cu-fulg-auriu-lumanare.html,https://boundlesscollection.ro/images/craciun/lumanare-gnom-fulg-auriu.jpg,38.00 RON,in stock,new,Boundless Collection,lumanare-gnom-fulg-auriu-045,Home & Garden > Decor > Candles,craciun
lumanare-ren-auriu-046,Lumanare decorativa ren cu funda aurie,"Lumanare decorativa din ceara de soia in forma de ren, impodobit cu funda aurie si clopotel. Un decor elegant si festiv, perfect pentru aranjamente de Craciun sau cadouri de sezon.",https://boundlesscollection.ro/p/lumanare-decorativa-ren-cu-funda-aurie-lumanare.html,https://boundlesscollection.ro/images/craciun/lumanare-ren-auriu.jpg,34.00 RON,in stock,new,Boundless Collection,lumanare-ren-auriu-046,Home & Garden > Decor > Candles,craciun
lumanare-gnom-fulg-argintiu-047,Lumanare decorativa gnom cu fulg argintiu,"Lumanare decorativa din ceara de soia in forma de gnom de Craciun, cu palarie inalta decorata cu fulg argintiu si nas rosu. Un decor festiv si elegant, ideal pentru cadouri si aranjamente de sezon.",https://boundlesscollection.ro/p/lumanare-decorativa-gnom-cu-fulg-argintiu-lumanare.html,https://boundlesscollection.ro/images/craciun/lumanare-gnom-fulg-argintiu.jpg,38.00 RON,in stock,new,Boundless Collection,lumanare-gnom-fulg-argintiu-047,Home & Garden > Decor > Candles,craciun
lumanare-gnom-fetita-028,Lumanare parfumata gnom fetita cu codite,"Lumanare turnata manual din ceara de soia, in forma de gnomita cu codite si palarie decorata cu fulgi argintii. Ideala pentru decorul de iarna sau cadouri festive. Pretul este pentru 1 bucata, fara aroma; culoarea si aroma pot fi personalizate.",https://boundlesscollection.ro/p/lumanare-parfumata-gnom-fetita-cu-codite-lumanare.html,https://boundlesscollection.ro/images/craciun/lumanare-gnom-fetita.jpg,25.00 RON,in stock,new,Boundless Collection,lumanare-gnom-fetita-028,Home & Garden > Decor > Candles,craciun
lumanare-gingerbread-om-turta-dulce-026,Lumanare omulet turta dulce Craciun,"Lumanare turnata manual din ceara de soia, in forma de omulet turta dulce. Detalii in relief, finisaj mat, perfecta pentru decorul de iarna sau cadouri festive. Pretul este pentru 1 bucata, fara aroma. Culoarea si aroma pot fi personalizate.",https://boundlesscollection.ro/p/lumanare-omulet-turta-dulce-craciun-lumanare.html,https://boundlesscollection.ro/images/craciun/lumanare-omulet-turta-dulce.jpg,25.00 RON,in stock,new,Boundless Collection,lumanare-gingerbread-om-turta-dulce-026,Home & Garden > Decor > Candles,craciun
gnom-brad-cana-027,Lumanare gnom cu brad si cana Craciun,"Lumanare turnata manual din ceara de soia, model gnom de Craciun cu brad si cana in mana. Detalii fine, aspect decorativ elegant. Pretul este pentru 1 bucata, fara aroma. Culoarea si aroma pot fi personalizate.",https://boundlesscollection.ro/p/lumanare-gnom-cu-brad-si-cana-craciun-gnom-bra.html,https://boundlesscollection.ro/images/craciun/lumanare-gnom-brad-cana.jpg,30.00 RON,in stock,new,Boundless Collection,gnom-brad-cana-027,Home & Garden > Decor > Candles,craciun
lumanare-con-brad-con-de-pin-030,Lumanare decorativa con de brad Craciun,"Lumanare decorativa turnata manual din ceara de soia, model con de brad cu textura realista. Accesorizata cu fundita aurie si clopotel metalic, perfecta pentru decorul de iarna, aranjamente festive si cadouri tematice. Arde curat si uniform; culoarea si aroma pot fi personalizate la comanda.",https://boundlesscollection.ro/p/lumanare-decorativa-con-de-brad-craciun-lumanare.html,https://boundlesscollection.ro/images/craciun/lumanare-con-brad-con-de-pin.jpg,28.00 RON,in stock,new,Boundless Collection,lumanare-con-brad-con-de-pin-030,Home & Garden > Decor > Candles,craciun
lumanare-brad-nivele-031,Lumanare decorativa brad in straturi Craciun,"Lumanare decorativa turnata manual din ceara de soia, model brad cu straturi ondulate si detalii in relief. Accesorizata cu fundita aurie si clopotel metalic. Ideala pentru decorul de iarna, aranjamente de Craciun si cadouri festive. Pretul este pentru 1 bucata, fara aroma; culoarea si aroma pot fi personalizate la comanda.",https://boundlesscollection.ro/p/lumanare-decorativa-brad-in-straturi-craciun-lumanare.html,https://boundlesscollection.ro/images/craciun/lumanare-brad-nivele.jpg,28.00 RON,in stock,new,Boundless Collection,lumanare-brad-nivele-031,Home & Garden > Decor > Candles,craciun
lumanare-brad-bile-031,Lumanare decorativa brad din bile Craciun,"Lumanare decorativa turnata manual din ceara de soia, model brad format din bile sculptate tridimensional. Accesorizata cu fundita aurie si clopotel metalic. Piesa eleganta pentru decorul de iarna, aranjamente festive sau cadouri personalizate de Craciun. Pretul este pentru 1 bucata, fara aroma; culoarea si aroma pot fi personalizate.",https://boundlesscollection.ro/p/lumanare-decorativa-brad-din-bile-craciun-lumanare.html,https://boundlesscollection.ro/images/craciun/lumanare-brad-bile.jpg,32.00 RON,in stock,new,Boundless Collection,lumanare-brad-bile-031,Home & Garden > Decor > Candles,craciun
lumanare-fulg-turcoaz-craciun-002,Lumanare decorativa fulg de zapada turcoaz-alb Craciun,"Lumanare decorativa din ceara de soia in forma de fulg de zapada, in doua nuante (alb si turcoaz). Realizata manual, cu detalii fine in relief si finisaj mat. Perfecta pentru decorul de iarna, cadouri de sezon sau aranjamente festive. Culoarea si aroma pot fi personalizate la comanda.",https://boundlesscollection.ro/p/lumanare-decorativa-fulg-de-zapada-turcoaz-alb-craciun-lumanare.html,https://boundlesscollection.ro/images/craciun/lumanare-fulg-turcoaz.jpg,30.00 RON,in stock,new,Boundless Collection,lumanare-fulg-turcoaz-craciun-002,Home & Garden > Decor > Candles,craciun
lumanare-fulg-roz-craciun-003,Lumanare decorativa fulg de zapada roz-alb Craciun,"Lumanare decorativa din ceara de soia in forma de fulg de zapada, in doua nuante (alb si roz intens). Realizata manual, cu model decupat fin si aspect elegant, ideala pentru decoruri de iarna, cadouri festive sau aranjamente de Craciun. Culoarea si aroma pot fi personalizate la comanda.",https://boundlesscollection.ro/p/lumanare-decorativa-fulg-de-zapada-roz-alb-craciun-lumanare.html,https://boundlesscollection.ro/images/craciun/lumanare-fulg-roz.jpg,30.00 RON,in stock,new,Boundless Collection,lumanare-fulg-roz-craciun-003,Home & Garden > Decor > Candles,craciun
lumanare-fulg-rosu-craciun-004,Lumanare decorativa fulg de zapada rosu-alb Craciun,"Lumanare decorativa din ceara de soia in forma de fulg de zapada, bicolora (alb cu accente rosu intens pe laterale). Lucrata manual, cu detalii fine si aspect modern, perfecta pentru decor de iarna, aranjamente festive sau cadouri de Craciun. Culoarea si aroma pot fi personalizate la comanda.",https://boundlesscollection.ro/p/lumanare-decorativa-fulg-de-zapada-rosu-alb-craciun-lumanare.html,https://boundlesscollection.ro/images/craciun/lumanare-fulg-rosu.jpg,30.00 RON,in stock,new,Boundless Collection,lumanare-fulg-rosu-craciun-004,Home & Garden > Decor > Candles,craciun
lumanare-fulg-bleu-craciun-005,Lumanare decorativa fulg de zapada bleu-alb Craciun,"Lumanare decorativa din ceara de soia in forma de fulg de zapada, bicolora (alb cu accente bleu pe laterale). Realizata manual, cu detalii geometrice fine si aspect elegant de iarna. Ideala pentru decor festiv, aranjamente de Craciun sau cadou sezonier. Culoarea si aroma pot fi personalizate la comanda.",https://boundlesscollection.ro/p/lumanare-decorativa-fulg-de-zapada-bleu-alb-craciun-lumanare.html,https://boundlesscollection.ro/images/craciun/lumanare-fulg-bleu.jpg,30.00 RON,in stock,new,Boundless Collection,lumanare-fulg-bleu-craciun-005,Home & Garden > Decor > Candles,craciun
lumanare-fulg-verde-craciun-006,Lumanare decorativa fulg de zapada verde-alb Craciun,"Lumanare decorativa din ceara de soia in forma de fulg de zapada, bicolora (alb cu accente verde/turcoaz pe laterale). Turnata manual, cu model geometric bine definit si finisaj mat. Perfecta pentru decorul de iarna, aranjamente festive sau cadou de Craciun. Culoarea si aroma pot fi personalizate la comanda.",https://boundlesscollection.ro/p/lumanare-decorativa-fulg-de-zapada-verde-alb-craciun-lumanare.html,https://boundlesscollection.ro/images/craciun/lumanare-fulg-verde.jpg,30.00 RON,in stock,new,Boundless Collection,lumanare-fulg-verde-craciun-006,Home & Garden > Decor > Candles,craciun
numar-masa-ursulet-roz-001,Numar de masa botez cu ursulet roz personalizat,"Numar de masa pentru botez in nuante roz pastel, cu ilustratie ursulet si balon tip nor. Se personalizeaza cu numele copilului si numarul mesei, fiind ideal pentru organizarea invitatilor si decor unitar. Print pe carton premium, format tip suport/tent, potrivit pentru mese festive.",https://boundlesscollection.ro/p/numar-de-masa-botez-cu-ursulet-roz-personalizat-numar-ma.html,https://boundlesscollection.ro/images/numere/numar-masa-ursulet-roz.jpg,7.00 RON,in stock,new,Boundless Collection,numar-masa-ursulet-roz-001,Arts & Entertainment > Party & Celebration > Party Supplies,numere de masa