id,title,price,category,desc,images,tags,google_product_category
invitatie-sigiliu-roz-flori-uscate-001,Invitatie botez cu sigiliu roz si flori uscate,9.00,invitatii,"Invitatie eleganta pe carton ivory, legata manual cu sfoara aurie si sigiliu roz, decorata cu flori uscate naturale.",images/invitatii/invitatie-botez-sigiliu-roz-flori-uscate.jpg,invitatii|botez|sigiliu|roz pudrat|flori uscate|auriu|natural|elegant|personalizat,"Arts & Entertainment > Party & Celebration > Invitations"
invitatie-poza-calc-roz-002,Invitatie botez cu poza si foaie de calc,7.99,invitatii,"Invitatie pe carton foto, acoperita cu foaie de calc imprimata si fundita organza roz.",images/invitatii/invitatie-botez-foto-foaie-de-calc-roz.jpg,invitatii|botez|foto|calc|transparent|fundita roz|personalizat|modern|elegant,"Arts & Entertainment > Party & Celebration > Invitations"
invitatie-ursulet-bleu-003,Invitatie botez baietel cu ursulet si fundita bleu,7.99,invitatii,"Invitatie delicata pentru botez baietel, pe carton premium cu ilustratie ursulet si fundita bleu aplicata manual. Design pastel, personalizabil integral.",images/invitatii/invitatie-botez-ursulet-fundita-bleu.jpg,invitatii|botez|baiat|ursulet|fundita bleu|pastel|delicat|copii|personalizat,"Arts & Entertainment > Party & Celebration > Invitations"
invitatie-fundita-rosie-calc-004,Invitatie botez cu fundita rosie si foaie de calc,9.00,invitatii,"Invitatie pe carton premium cu invelis calc semitransparent si fundita rosie din organza. Stil elegant pentru evenimente tematice.",images/invitatii/invitatie-botez-fundita-rosie-foaie-calc.jpg,invitatii|botez|fundita rosie|organza|calc|elegant|handmade|clasic|personalizat,"Arts & Entertainment > Party & Celebration > Invitations"
invitatie-carticica-albastra-005,Invitatie botez tip carticica cu fundita albastra,6.99,invitatii,"Invitatie tip carticica pe carton premium, cu fotogratie si detalii de eveniment, legata cu fundita albastra din organza.",images/invitatii/invitatie-botez-tip-carticica-fundita-albastra.jpg,invitatii|botez|fundita albastra|carticica|personalizat|fotografie|elegant|baietel|organza,"Arts & Entertainment > Party & Celebration > Invitations"
invitatie-ursulet-ivoire-006,Invitatie botez cu ursulet si fundita ivoire,7.99,invitatii,"Invitatie pe carton premium cu ursulet si nori pastel, completata cu fundita ivoire din organza. Look delicat pentru baietei.",images/invitatii/invitatie-botez-ursulet-fundita-ivoire.jpg,invitatii|botez|ursulet|fundita ivoire|organza|baietel|elegant|nori|pastel|personalizat,"Arts & Entertainment > Party & Celebration > Invitations"
invitatie-ursulet-roz-007,Invitatie botez cu ursulet si fundita roz,8.00,invitatii,"Invitatie pentru botez fetita, pe carton premium cu ursulet si baloane pastel, legata cu fundita roz din satin. Design dulce si elegant.",images/invitatii/invitatie-botez-ursulet-fundita-roz.jpg,invitatii|botez|ursulet|fundita roz|fetite|elegant|pastel|satin|balon|roz pudrat|personalizat,"Arts & Entertainment > Party & Celebration > Invitations"
invitatie-pergament-smarald-008,Invitatie pergament cu fundita verde smarald,8.00,invitatii,"Invitatie tip pergament, rulata si legata manual cu fundita verde smarald din organza. Stil minimalist cu vibe natural, ideal pentru nunta.",images/invitatii/invitatie-pergament-verde-smarald.jpg,invitatii|nunta|verde|smarald|fundita|pergament|elegant|minimalist|rustic|natural|personalizat,"Arts & Entertainment > Party & Celebration > Invitations"
invitatie-safari-plic-verde-009,Invitatie botez Safari cu plic verde,13.00,invitatii,"Invitatie botez Safari pe carton premium mat, cu animale de jungla si frunze tropicale, plus plic verde decupat tip frunza. Design vesel si unitar.",images/invitatii/invitatie-botez-safari-plic-verde.jpg,invitatii|botez|safari|jungla|animale|verde|plic|baietel|natur|tematica|personalizat,"Arts & Entertainment > Party & Celebration > Invitations"
invitatie-nunta-ziar-010,Invitatie nunta tip Ziar,6.99,invitatii,"Invitatie de nunta tip ziar/revista retro, printata pe carton mat si legata cu sfoara natur. Model creativ care spune povestea mirilor. Personalizare completa.",images/invitatii/invitatie-nunta-jurnal.jpg,invitatii|nunta|ziar|retro|newspaper|creativa|personalizata|originala|carton mat|sfoara,"Arts & Entertainment > Party & Celebration > Invitations"
invitatie-ursulet-bleu-norisori-088,Invitatie botez ursulet bleu cu norisori si funda satin,8.99,invitatii,"Invitatie delicata pentru botez baietel, in nuante bleu pastel, cu ursulet adormit pe norisori si fundita satin, printata pe carton premium.",images/invitatii/invitatie-ursulet-bleu-norisori.jpg,invitatii|botez|ursulet|bleu pastel|norisori|baby boy|fundita satin|carton premium|personalizat|delicat|elegant,"Arts & Entertainment > Party & Celebration > Invitations"
invitatie-pegrament-printesa-bleu-091,Invitatie pergament tematica printesa bleu cu fundita satin,8.00,invitatii,"Invitatie tip pergament pentru botez sau aniversare, in nuante bleu pastel, cu grafica de basm si ilustratii elegante, rulata manual si prinsa cu fundita delicata. Se realizeaza pe carton premium si se personalizeaza complet cu nume, data si text.",images/invitatii/invitatie-pergament-printesa-bleu.jpg,invitatii|botez|aniversare copii|pergament|printesa|bleu pastel|tematica basm|fundita satin|personalizat|delicat|elegant|carton premium,"Arts & Entertainment > Party & Celebration > Invitations"
invitatie-absolvire-bleu-pergament-092,Invitatie pergament absolvire cu fundita satin,9.00,invitatii,"Invitatie pentru absolvire, cu design modern in nuante bleu marble si accente aurii fine, imprimata pe carton premium si finisata elegant. Poate fi oferita plata sau rulata tip pergament si legata cu fundita satin, iar textul se personalizeaza complet.",images/invitatii/invitatie-absolvire-bleu-pergament.jpg,invitatii|absolvire|graduare|bleu marble|accente aurii|fundita satin|carton premium|personalizat|elegant|modern,"Arts & Entertainment > Party & Celebration > Invitations"
invitatie-pergament-fundita-aurie-093,Invitatie pergament cu fundita aurie,8.50,invitatii,"Invitatie tip pergament, realizata pe carton premium cu aspect elegant si rulata manual, apoi legata cu fundita aurie stralucitoare pentru un plus de rafinament. Textul se personalizeaza complet cu nume, data si detalii de eveniment, iar modelul poate fi adaptat cromatic la tematica aleasa.",images/invitatii/invitatie-pergament-fundita-aurie.jpg,invitatii|pergament|fundita aurie|nunta|botez|elegant|handmade|carton premium|personalizat|minimalist|lux,"Arts & Entertainment > Party & Celebration > Invitations"
aranjament-pastel-011,Aranjament floral din lumanari parfumate pastel,74.99,aranjamente-florale,"Lumanari din ceara de soia modelate flori, nuante roz pudrat/ivoire/piersica. Piesa de decor sau cadou elegant.",images/aranjamente/aranjament-floral-lumanari-pastel.jpg,aranjamente|florale|lumanari parfumate|decor|cadou|soia|natural|elegant|pastel|romantic|handmade,Home & Garden > Decor > Artificial Flora > Artificial Flower Arrangements
aranjament-inima-roz-012,Aranjament floral cu inima si lumanari parfumate,74.99,aranjamente-florale,"Lumanari din soia in nuante roz/alb, accente cu inima si flori uscate. Cadou elegant sau decor de interior.",images/aranjamente/aranjament-floral-inima-roz.jpg,aranjamente|florale|lumanari|cadou|decor|roz|soia|natural|handmade|elegant,Home & Garden > Decor > Artificial Flora > Artificial Flower Arrangements
aranjament-mov-alb-013,Aranjament floral cu lumanari mov si albe,225.00,aranjamente-florale,"Lumanari de soia mov/alb/roz pal, stil rafinat. Potrivit pentru cadouri si ambient elegant acasa.",images/aranjamente/aranjament-floral-mov-alb.jpg,aranjamente|florale|lumanari|mov|alb|decor|cadou|soia|natural|elegant|handmade,Home & Garden > Decor > Artificial Flora > Artificial Flower Arrangements
aranjament-roz-iepuras-014,Aranjament floral roz cu figurina si lumanari parfumate,235.00,aranjamente-florale,"Compozitie premium din soia, nuante roz/alb/crem; figurina decorativa si flori sculptate. Cadou deosebit.",images/aranjamente/aranjament-floral-roz-iepuras.jpg,aranjamente|florale|figurina|lumanari parfumate|cadou|roz|alb|soia|natural|handmade|premium|decor,Home & Garden > Decor > Artificial Flora > Artificial Flower Arrangements
aranjament-bleu-cos-015,Aranjament bleu in cos impletit cu lumanari parfumate,34.99,aranjamente-florale,"Lumanari din soia in flori alb-bleu, cos tip piatra (praf de marmura), accente puf. Decor curat, aroma delicata.",images/aranjamente/aranjament-floral-bleu.jpg,aranjamente|florale|lumanari parfumate|soia|bleu|alb|flori sculptate|cos impletit|cadou|decor interior|elegant|pastel,Home & Garden > Decor > Artificial Flora > Artificial Flower Arrangements
aranjament-iepuras-roz-016,Aranjament roz cu iepuras si lumanari parfumate,65.00,aranjamente-florale,Lumanari din soia model flori + figurina iepuras; roz pudrat/alb. Decor de primavara sau cadou rafinat.,images/aranjamente/aranjament-floral-iepuras-roz-2.jpg,aranjamente|florale|iepuras|lumanari parfumate|cadou|decor|roz pudrat|soia|handmade|elegant,Home & Garden > Decor > Artificial Flora > Artificial Flower Arrangements
aranjament-creioane-toamna-018,Aranjament cu lumanari parfumate in suport din creioane,150.00,aranjamente-florale,"Lumanari din soia in flori pastel, suport creativ din creioane; flori uscate, pampas, fundita satin. Cadou profesor/office.",images/aranjamente/aranjament-floral-creioane-colorate.jpg,aranjamente|florale|lumanari parfumate|creioane colorate|cadou educatoare|toamna|decor birou|handmade|soia|elegant|pastel|original,Home & Garden > Decor > Artificial Flora > Artificial Flower Arrangements
marturie-iepuras-roz-048,Marturie iepuras roz in saculet tulle,30.00,marturii soia,"Marturie in forma de iepuras, turnata manual din ceara de soia si asezata in saculet de tulle cu fundita satin. Include eticheta personalizata si este ideala pentru botezuri si evenimente delicate.",images/marturii/marturie-iepuras-roz.jpg,marturii|iepuras|roz|botez|fetita|tulle|fundita|handmade|soia|cadou,"Arts & Entertainment > Party & Celebration > Favors"
marturie-macaron-roz-055,Marturie macaron roz in cutie kraft,20.00,marturii soia,"Marturie tip macaron, realizata manual din ceara de soia si ambalata in cutie kraft cu fereastra. Decorul cu panglica si flori uscate plus eticheta personalizata o fac perfecta pentru botez sau petreceri elegante.",images/marturii/marturie-macaron-roz.jpg,marturii|macaron|roz pastel|botez|fetita|flori uscate|cutie kraft|handmade|soia|cadou|elegant,"Arts & Entertainment > Party & Celebration > Favors"
marturie-borcan-bujor-057,Marturie in borcan de sticla cu bujor roz,25.00,marturii soia,"Marturie din ceara de soia turnata in borcan de sticla, decorata cu bujor si ambalata elegant in cutie transparenta. Eticheta se personalizeaza cu nume si data, fiind potrivita pentru nunta, botez sau aniversari.",images/marturii/marturie-borcan-bujor-roz.jpg,marturii|bujor|lumanare|borcan sticla|roz|flori uscate|elegant|handmade|soia|cadou|botez|nunta,"Arts & Entertainment > Party & Celebration > Favors"
marturie-cuplu-imbratisat-roz-001,Marturie nunta cuplu imbratisat roz pudrat,30.00,marturii soia,"Marturie pentru nunta in forma de cuplu imbratisat, lucrata manual din ceara de soia cu finisaj mat si linii fine. O amintire romantica pentru invitati, potrivita pentru decoruri minimaliste.",images/marturii/marturie-cuplu-imbratisat-roz.jpg,marturii|nunta|cuplu|imbratisat|roz pudrat|romantic|minimalist|soia|handmade|cadou invitati,"Arts & Entertainment > Party & Celebration > Favors"
marturie-ursulet-maro-001,Marturie ursulet maro din ceara de soia,14.99,marturii soia,"Marturie in forma de ursulet sezand, realizata manual din ceara de soia si finisata atent pentru un aspect premium. Ideala la botez, aniversare sau nunta cu tematica cozy, iar la comanda se poate personaliza.",images/marturii/marturie-ursulet-maro.jpg,marturii|ursulet|maro|botez|nunta|copii|tematic|soia|handmade|cadou invitati|adorabil,"Arts & Entertainment > Party & Celebration > Favors"
marturie-iepuras-inima-maro-002,Marturie iepuras cu inimioara din ceara de soia,30.00,marturii soia,"Marturie iepuras cu urechi lungi si inimioara formata din labute, turnata manual din ceara de soia. Un cadou dulce pentru botezuri sau petreceri de copii, cu eticheta si ambalare personalizabile.",images/marturii/marturie-iepuras-inima-maro.jpg,marturii|iepuras|inimioara|maro|soia|handmade|cadou invitati|botez|eveniment copii|adorabil|tematic,"Arts & Entertainment > Party & Celebration > Favors"
marturie-ursulet-inimioare-roz-003,Marturie ursulet cu inimioare roz din ceara de soia,30.00,marturii soia,"Marturie ursulet din ceara de soia in nuanta ivory, cu inimioare roz discrete si detalii pictate fin. Potrivita pentru botez sau aniversari de copii, oferind invitatilor o amintire adorabila.",images/marturii/marturie-ursulet-inimioare-roz.jpg,marturii|ursulet|inimioare roz|botez|copii|soia|handmade|cadou invitati|adorabil|tematic,"Arts & Entertainment > Party & Celebration > Favors"
marturie-ursulet-inima-roz-004,Marturie ursulet cu inimioara roz din ceara de soia,30.00,marturii soia,"Marturie din ceara de soia cu ursulet asezat ce tine o inimioara roz in relief, cu accente fine si finisaj catifelat. Ideala ca marturie la botez, baby shower sau aniversare, cu eticheta personalizata.",images/marturii/marturie-ursulet-inima-roz.jpg,marturii|ursulet|inimioara roz|auriu|botez|baby shower|copii|soia|handmade|cadou invitati|adorabil,"Arts & Entertainment > Party & Celebration > Favors"
marturie-bubble-cube-alb-005,Marturie lumanare bubble cube alba din ceara de soia,15.00,marturii soia,"Marturie bubble cube minimalista, facuta manual din ceara de soia naturala, cu sfere rotunjite si ardere uniforma. Se potriveste la nunta, botez sau evenimente moderne, ca mic suvenir elegant.",images/marturii/marturie-bubble-cube-alb.jpg,marturii|bubble cube|lumanare soia|alb ivory|minimalist|handmade|cadou invitati|nunta|botez,"Arts & Entertainment > Party & Celebration > Favors"
marturie-fluture-alb-006,Marturie lumanare fluture alba din ceara de soia,19.99,marturii soia,"Marturie fluture delicat, turnat manual din ceara de soia cu aripi in relief si doua fitiluri pentru efect decorativ. O alegere rafinata pentru botez, nunta sau aniversari, cu ambalare personalizabila.",images/marturii/marturie-fluture-alb.jpg,marturii|fluture|lumanare soia|alb ivory|delicat|handmade|cadou invitati|nunta|botez|primavara,"Arts & Entertainment > Party & Celebration > Favors"
marturie-bebelus-trandafir-rose-067,Marturie lumanare bebelus in trandafir din ceara de soia,35.00,marturii soia,"Marturie speciala cu bebelus in interiorul unui trandafir, realizata manual din ceara de soia si finisata elegant. Potrivita pentru botez sau baby shower, se livreaza cu eticheta si ambalaj personalizat.",images/marturii/marturie-bebelus-trandafir.jpg,marturii|bebelus|trandafir|lumanare soia|botez|baby shower|cadou invitati|handmade|delicat|personalizat,"Arts & Entertainment > Party & Celebration > Favors"
marturie-iepuras-floricica-068,Marturie iepuras cu floricica din ceara de soia,30.00,marturii soia,"Marturie iepuras cu floricica, realizata manual din ceara de soia cu detalii pictate fin si finisaj delicat. Ideala pentru botez, aniversari sau tematica bunny/spring, cu eticheta personalizata inclusa.",images/marturii/marturie-iepuras-floricica.jpg,marturii|iepuras|floricica|botez|copii|primavara|handmade|soia|cadou invitati|personalizat,"Arts & Entertainment > Party & Celebration > Favors"
marturie-fluture-roz-cutie-069,Marturie fluture roz in cutie cu eticheta personalizata,16.99,marturii soia,"Marturie fluture din ceara de soia, ambalata in cutie kraft cu capac transparent si decor cu flori uscate. Eticheta se personalizeaza cu nume si data, fiind potrivita pentru botez, nunta sau baby shower.",images/marturii/marturie-fluture-roz-cutie.jpg,marturii|fluture|roz|cutie kraft|eticheta personalizata|flori uscate|soia|handmade|cadou invitati|botez|nunta,"Arts & Entertainment > Party & Celebration > Favors"
marturie-margareta-bleu-cutie-070,Marturie margareta alb-bleu in cutie cu eticheta personalizata,25.00,marturii soia,"Marturie margareta din ceara de soia, in alb cu centru bleu, ambalata in cutie kraft cu manseta argintie. Decorul floral si eticheta personalizata o fac ideala pentru botezuri cu tematica bleu.",images/marturii/marturie-margareta-bleu-cutie.jpg,marturii|margareta|floare|alb bleu|cutie kraft|panglica bleu|eticheta personalizata|flori uscate|soia|handmade|botez|cadou invitati,"Arts & Entertainment > Party & Celebration > Favors"
marturie-trandafir-inima-marble-071,Marturie lumanare trandafir inima ivory-roz in cutie cu eticheta personalizata,25.00,marturii soia,"Marturie trandafir in forma de inima, cu efect marmorat ivory-roz, turnata manual din ceara de soia. Vine in cutie alba cu decor si eticheta personalizata, perfecta pentru nunta sau logodna.",images/marturii/marturie-trandafir-inima-marble.jpg,marturii|trandafir|inima|ivory|roz pudrat|marmorat|cutie alba|panglica aurie|eticheta personalizata|flori uscate|soia|handmade|nunta|cadou invitati,"Arts & Entertainment > Party & Celebration > Favors"
marturie-trandafir-ivory-cutie-inima-072,Marturie lumanare trandafir ivory in cutie cu eticheta inimioare,30.00,marturii soia,"Marturie trandafir sculptat din ceara de soia in nuanta ivory, cu accente sidefate si look elegant. Ambalata in cutie alba cu flori uscate si eticheta inimioare, ideala pentru nunta.",images/marturii/marturie-trandafir-ivory-cutie-inima.jpg,marturii|trandafir|ivory|cutie alba|manseta argintie|snur auriu|flori uscate roz|eticheta inimioare|personalizata|soia|handmade|nunta|cadou invitati,"Arts & Entertainment > Party & Celebration > Favors"
marturie-inima-mainile-mirilor-cutie-inima-073,Marturie lumanare inima cu mainile mirilor in cutie cu eticheta inimioare,25.00,marturii soia,"Marturie inima din ceara de soia cu mainile mirilor in relief, in combinatie ivory si roz pudrat. Se livreaza in cutie alba cu decor floral si eticheta personalizata, perfecta pentru nunta.",images/marturii/marturie-inima-mainile-mirilor-cutie-inima.jpg,marturii|inima|mainile mirilor|roz pudrat|ivory|soia|handmade|cutie alba|manseta argintie|snur auriu|flori uscate|eticheta inimioare|personalizata|nunta,"Arts & Entertainment > Party & Celebration > Favors"
marturie-floare-margareta-teracota-cutie-074,Marturie lumanare floare margareta in suport teracota cu eticheta personalizata,35.00,marturii soia,"Marturie floare margareta din ceara de soia, asezata intr-un suport rotund de teracota pentru un vibe natural. Ambalata in cutie cu fereastra si eticheta personalizata, potrivita la nunta sau botez.",images/marturii/marturie-floare-margareta-teracota.jpg,marturii|lumanare|margareta|floare|suport teracota|ivory|portocaliu|soia|handmade|cadou|nunta|botez|natural|personalizata|cutie alba|sfoara natur,"Arts & Entertainment > Party & Celebration > Favors"
marturie-inima-roz-cutie-transparenta-075,Marturie lumanare in forma de inima roz texturata in cutie transparenta cu eticheta personalizata,34.99,marturii soia,"Marturie inima texturata tip fagure, realizata manual din ceara de soia in nuanta roz pudrat. Vine in cutie transparenta cu funda si eticheta personalizata, ideala pentru nunta sau logodna.",images/marturii/marturie-inima-roz-texturata-cutie.jpg,marturii|lumanare|inima|roz pudrat|textura fagure|soia|handmade|cadou invitati|nunta|logodna|botez|personalizata|cutie transparenta|funda satin,"Arts & Entertainment > Party & Celebration > Favors"
marturie-inima-roz-neteda-cutie-transparenta-074,Marturie lumanare in forma de inima roz neteda in cutie transparenta cu eticheta personalizata,20.00,marturii soia,"Marturie inima cu finisaj neted si linii moderne, turnata manual din ceara de soia in roz pastel. Ambalata in cutie transparenta cu umplutura decorativa si eticheta personalizata, perfecta pentru nunta.",images/marturii/marturie-inima-roz-neteda-cutie.jpg,marturii|lumanare|inima|roz pastel|finisaj neted|soia|handmade|cadou invitati|nunta|cununie|logodna|personalizata|cutie transparenta|funda satin,"Arts & Entertainment > Party & Celebration > Favors"
marturie-talpite-bebe-card-075,Marturie set parfumate talpite bebe si inimioara roz pe card personalizat,12.00,marturii soia,"Marturie set cu talpite de bebe si inimioara, realizate din ceara de soia parfumabila si prinse pe card tematic. Cardul se personalizeaza cu nume si data, fiind ideal pentru botez sau prima aniversare.",images/marturii/marturie-talpite-bebe-inimoara-roz-card.jpg,marturii|botez|talpite bebe|inimoara|roz pastel|ceara parfumata|handmade|cadou invitati|prima aniversare|personalizata|card tematic,"Arts & Entertainment > Party & Celebration > Favors"
marturie-talpite-bebe-card-076,Marturie talpite bebe roz si litera personalizata pe card tematic,12.00,marturii soia,"Marturie set cu talpite de bebe si litera initialei, turnate manual din ceara de soia parfumabila si asezate pe card personalizat. Un suvenir emotionant pentru botez sau aniversare, cu text la alegere.",images/marturii/marturie-talpite-bebe-litera-roz-card.jpg,marturii|botez|talpite bebe|litera personalizata|initiala nume|roz pastel|ceara parfumata|handmade|cadou invitati|prima aniversare|card tematic,"Arts & Entertainment > Party & Celebration > Favors"
marturie-inima-lalele-rosii-001,Marturie lumanare inima cu lalele rosii din ceara de soia,25.00,marturii soia,"Marturie in forma de inima cu lalele in relief, realizata manual din ceara de soia pentru un aspect romantic. Potrivita ca marturie la nunta, botez sau aniversare, cu ambalare si eticheta personalizata.",images/marturii/marturie-inima-lalele-rosii.jpg,marturii|lalele rosii|inima|lumanare soia|romantic|handmade|parfumabila|cadou invitati|nunta|botez|elegant,"Arts & Entertainment > Party & Celebration > Favors"
marturie-scoica-perla-015,Marturie lumanare scoica cu perla,15.00,marturii soia,"Marturie tip scoica cu perla decorativa, turnata manual din ceara de soia si finisata elegant. Se livreaza in cutie transparenta cu fundita si eticheta personalizata, ideala pentru nunta sau botez.",images/marturii/marturie-lumanare-scoica-perla.jpg,marturii|lumanare|scoica|perla|cutie transparenta|fundita|nunta|botez|marin|handmade|soia|elegant,"Arts & Entertainment > Party & Celebration > Favors"
marturie-iepuras-inima-050,Marturie iepuras roz cu inimioara,30.00,marturii soia,"Marturie iepuras cu inimioara, lucrata manual din ceara de soia si decorata delicat pentru un look romantic. O alegere dulce pentru botezuri sau evenimente tematice, cu eticheta personalizata inclusa.",images/marturii/marturie-iepuras-inima.jpg,marturii|iepuras|roz|inima|botez|fetita|handmade|soia|cadou,"Arts & Entertainment > Party & Celebration > Favors"
marturie-bebelus-tulle-roz-bleu-001,Marturie lumanare bebelus in tulle roz sau bleu,40.00,marturii soia,"Marturie cu figurina bebelus din ceara de soia, ambalata in saculet tulle cu fundita satin si eticheta personalizata. Ideala pentru botez, baby shower sau prima aniversare; la comanda se adapteaza tematicii.",images/marturii/marturie-bebelus-tulle-roz-bleu.jpg,marturii|bebelus|tulle|roz|bleu|botez|baby shower|soia|handmade|cadou invitati|personalizata,"Arts & Entertainment > Party & Celebration > Favors"
marturie-familie-ursuleti-ivory-001,Marturie lumanare familie ursuleti ivory din ceara de soia,45.00,marturii soia,"Marturie familie de ursuleti din ceara de soia in nuanta ivory, cu design jucaus si emotiv. Potrivita pentru botez, nunta sau aniversari de copii, iar ambalarea si eticheta se personalizeaza.",images/marturii/marturie-familie-ursuleti-ivory.jpg,marturii|familie ursuleti|ivory|lumanare soia|botez|nunta|copii|handmade|cadou invitati|delicat|personalizata,"Arts & Entertainment > Party & Celebration > Favors"
marturie-ursulet-roz-064,Marturie ursulet roz in cutie transparenta,35.00,marturii soia,"Marturie ursulet roz sculptat din ceara de soia, cu detalii florale fine si finisaj curat. Ambalata in cutie transparenta cu funda si flori uscate, perfecta pentru botezuri si evenimente elegante.",images/marturii/marturie-ursulet-roz.jpg,marturii|ursulet|roz|botez|fetita|flori uscate|cutie transparenta|neon|handmade|soia|cadou|adorabil,"Arts & Entertainment > Party & Celebration > Favors"
marturie-adidas-bleu-058,Marturie adidas bleu in tulle,30.00,marturii soia,"Marturie in forma de adidas bleu, realizata manual din ceara de soia si ambalata in tulle cu funda satin. Eticheta se personalizeaza cu nume si data, fiind un cadou tematic pentru botez baietel.",images/marturii/marturie-adidas-bleu.jpg,marturii|adidas|bleu|baietel|botez|tulle|fundita|handmade|soia|cadou|tematic|sport,"Arts & Entertainment > Party & Celebration > Favors"
marturie-botosei-bebe-roz-tulle-083,Marturie botosei bebe roz in saculet tulle,20.00,marturii soia,"Marturie adorabila in forma de botosei roz pentru bebe, realizata manual din ceara de soia si finisata delicat pentru un aspect catifelat. Este ambalata individual in saculet de tulle cu fundita satin si eticheta personalizata cu nume si data, fiind ideala pentru botez, baby shower sau prima aniversare.",images/marturii/marturie-botosei-bebe-roz-tulle.jpg,marturii|botosei bebe|roz|tulle|fundita satin|eticheta personalizata|botez|baby shower|prima aniversare|soia|handmade|cadou invitati|delicat,"Arts & Entertainment > Party & Celebration > Favors"
marturie-urs-mama-pui-051,Marturie urs mama si pui,25.00,marturii soia,"Marturie mama urs cu pui, turnata manual din ceara de soia si lucrata cu detalii fine pentru un look adorabil. Potrivita pentru botez sau evenimente de familie, cu eticheta personalizata.",images/marturii/marturie-urs-mama-pui.jpg,marturii|urs|mama si pui|botez|fetita|baietel|pasatel|handmade|soia|cadou,"Arts & Entertainment > Party & Celebration > Favors"
marturie-tulle-bleu-norisor-001,Marturie lumanare norisor bleu in saculet tulle cu eticheta personalizata,20.00,marturii soia,"Marturie norisor bleu pastel din ceara de soia, ambalata in saculet tulle cu fundita satin si eticheta personalizata. Ideala pentru botez, baby shower sau prima aniversare, cu posibilitate de adaptare la tema.",images/marturii/marturie-norisor-bleu-tulle.jpg,marturii|bleu pastel|tulle|fundita satin|eticheta personalizata|botez baietel|baby shower|soia|handmade|cadou invitati,"Arts & Entertainment > Party & Celebration > Favors"
marturie-capsunici-suport-auriu-tulle-077,Marturie capsunici rosii in suport auriu cu tulle,20.00,marturii soia,"Marturie cu capsunici mici din ceara de soia, in nuanta rosu intens, asezate intr-un cerc auriu delicat si ambalate in saculet de tulle cu fundita satin. Eticheta este personalizata cu nume si data, ideala pentru nunta, botez sau petreceri tematice.",images/marturii/marturie-capsunici-suport-auriu-tulle.jpg,marturii|capsunici|rosu|suport auriu|cerc auriu|tulle|fundita satin|soia|handmade|nunta|botez|cadou invitati|personalizata,"Arts & Entertainment > Party & Celebration > Favors"
marturie-felii-lamai-suport-auriu-tulle-078,Marturie felii lamai in suport auriu cu tulle,20.00,marturii soia,"Marturie cu felii de lamai din ceara de soia, in nuanta galben solar, asezate intr-un cerc auriu elegant si ambalate in saculet de tulle cu fundita satin. Eticheta este personalizata cu nume si data, potrivita pentru nunta, botez sau evenimente cu tematica fresh de vara.",images/marturii/marturie-felii-lamai-suport-auriu-tulle.jpg,marturii|felii lamai|lamaie|galben|suport auriu|cerc auriu|tulle|fundita satin|soia|handmade|nunta|botez|cadou invitati|personalizata,"Arts & Entertainment > Party & Celebration > Favors"
marturie-felii-portocala-suport-auriu-tulle-079,Marturie felii portocala in suport auriu cu tulle,20.00,marturii soia,"Marturie cu felii de portocala din ceara de soia, in nuante calde orange-roscat, asezate intr-un cerc auriu elegant si ambalate in saculet de tulle cu fundita satin. Eticheta este personalizata cu nume si data, ideala pentru nunta, botez sau evenimente cu tematica citrus/vara.",images/marturii/marturie-felii-portocala-suport-auriu-tulle.jpg,marturii|felii portocala|portocala|orange|suport auriu|cerc auriu|tulle|fundita satin|soia|handmade|nunta|botez|cadou invitati|personalizata|citrus,"Arts & Entertainment > Party & Celebration > Favors"
marturie-ursulet-cupcake-tulle-081,Marturie ursulet in cupcake in saculet tulle,30.00,marturii soia,"Marturie simpatica in forma de ursulet asezat pe baza tip cupcake, turnata manual din ceara de soia in nuante ivory si roz/rosu. Este ambalata individual in saculet de tulle cu fundita satin si poate include eticheta personalizata cu nume si data, fiind ideala pentru botezuri, baby shower sau aniversari de copii.",images/marturii/marturie-ursulet-cupcake-tulle.jpg,marturii|ursulet|cupcake|ivory|roz|rosu|tulle|fundita satin|botez|baby shower|aniversare copii|soia|handmade|cadou invitati|personalizata,"Arts & Entertainment > Party & Celebration > Favors"
marturie-ursulet-mini-tulle-082,Marturie ursulet mini in saculet tulle,20.00,marturii soia,"Marturie delicata in forma de ursulet mini, turnata manual din ceara de soia in nuanta ivory si asezata pe o baza rotunda decorativa. Este ambalata individual in saculet de tulle cu fundita satin alba si eticheta personalizata cu nume si data, fiind potrivita pentru botezuri, baby shower sau aniversari de copii.",images/marturii/marturie-ursulet-mini-tulle.jpg,marturii|ursulet mini|ivory|tulle|fundita satin|eticheta personalizata|botez|baby shower|aniversare copii|soia|handmade|cadou invitati|delicat,"Arts & Entertainment > Party & Celebration > Favors"
marturie-leut-safari-098,Marturie leut Safari in cutiuta cu fundita verde,20.00,marturii soia,"Marturie in tematica Safari, cu figurina leut realizata manual din ceara de soia si ambalata individual in cutiuta cu design jungle. Este decorata cu fundita satin verde si eticheta personalizata cu nume si data, fiind perfecta pentru botezuri sau petreceri de copii cu tematica safari.",images/marturii/marturie-leut-safari.jpg,marturii|leut|safari|jungla|animalute|verde|botez|baietel|cutiuta|fundita satin|personalizat|handmade|soia|cadou invitati,"Arts & Entertainment > Party & Celebration > Favors"
marturie-leu-soia-001,Marturie leu din ceara de soia in cutie personalizata,14.99,marturii soia,"Marturie din ceara de soia 100% naturala, in forma de leu, turnata manual si ambalata intr-o cutie decorativa cu tematica safari. Ideala pentru botez, baby shower sau evenimente tematice pentru copii.",images/marturii/marturie-leu-safari.jpg,marturii soia|marturie botez|leu|safari|baby shower|ceara soia|handmade|personalizat|cadou invitati,"Home & Garden > Decor > Candles"
marturie-lamaie-soia-001,Marturie lumanare lamaie din ceara de soia,20.00,marturii soia,"Marturie parfumata in forma de lamaie, realizata manual din ceara de soia. Aspect fresh de vara, ideala pentru nunta, botez sau evenimente cu tematica citrus/mediteraneana.",images/marturii/marturie-lamaie-soia.jpg,marturii|lamaie|citrus|vara|mediteranean|lumanare soia|handmade|parfumata|cadou invitati|nunta|botez|personalizata,"Arts & Entertainment > Party & Celebration > Favors"
marturie-portocala-soia-001,Marturie lumanare portocala din ceara de soia,20.00,marturii soia,"Marturie parfumata in forma de portocala, realizata manual din ceara de soia. Look vesel si fresh, perfect pentru nunti, botezuri sau evenimente cu tematica citrus/vara.",images/marturii/marturie-portocala-soia.jpg,marturii|portocala|citrus|orange|vara|lumanare soia|handmade|cadou invitati|nunta|botez|personalizata,"Arts & Entertainment > Party & Celebration > Favors"
marturie-luna-soare-cuplu-001,Marturie lumanare luna-si-soare din ceara de soia,25.00,marturii soia,"Marturie romantica in forma de luna si soare cu chipuri imbinate, turnata manual din ceara de soia in nuante ivory si roz pudrat.",images/marturii/marturie-luna-soare-cuplu.jpg,marturii|luna si soare|cuplu|romantic|ivory|roz pudrat|lumanare soia|handmade|cadou invitati|nunta|logodna|cutie transparenta,"Arts & Entertainment > Party & Celebration > Favors"
plic-dar-balerina-roz-052,Plic de dar balerina roz,3.50,plicuri,"Plic de dar in roz pastel, cu ilustratie delicata de balerina si accente fine. Printat pe carton premium, cu spatiu pentru nume familie si text personalizabil, ideal pentru botezuri elegante.",images/plicuri/plic-dar-balerina-roz.jpg,plic de dar|plic bani|balerina|roz pastel|botez|fetita|elegant|personalizat|carton premium,"Arts & Entertainment > Party & Celebration > Gift Giving > Money Envelopes"
plic-dar-miri-silueta-061,Plic de dar cu silueta miri si flori alb-verde,3.50,plicuri,"Plic de dar pentru nunta, cu silueta de miri si coronita florala alb-verde. Realizat pe carton alb premium, cu mesaj si nume familie personalizabile, potrivit pentru mese de dar rafinate.",images/plicuri/plic-dar-miri-silueta.jpg,plic de dar|plic bani|nunta|miri silueta|floral alb verde|elegant|personalizat|carton premium,"Arts & Entertainment > Party & Celebration > Gift Giving > Money Envelopes"
plic-dar-safari-bine-ati-venit-001,Plic de dar botez Safari cu mesaj bine ati venit,4.00,plicuri,"Plic de dar pentru botez cu tematica Safari, ilustrat cu animale de jungla si frunze tropicale. Include mesajul „Bine ati venit!” si zona pentru personalizare cu nume familie/copil.",images/plicuri/plic-dar-safari-bine-ati-venit.jpg,plic de dar|botez|safari|jungla|animale|frunze tropicale|verde|bine ati venit|personalizat|masa de dar,"Arts & Entertainment > Party & Celebration > Gift Giving > Money Envelopes"
plic-dar-ursulet-baloane-albastru-078,Plic de dar ursulet cu baloane albastre,3.50,plicuri,"Plic de dar pentru botez sau prima aniversare, in nuante bleu cu ursulet si baloane pastel. Are text de multumire si spatiu pentru nume copil/familie, personalizabil pe tema dorita.",images/plicuri/plic-dar-ursulet-baloane-albastru-079.jpg,plic de dar|ursulet|baloane albastre|bleu pastel|botez baietel|prima aniversare|masa de dar|personalizat,"Arts & Entertainment > Party & Celebration > Gift Giving > Money Envelopes"
plic-boho-verde-016,Plic de dar boho verde natur,3.50,plicuri,"Plic de dar stil boho, pe carton texturat in tonuri verde-cream, cu frunze si accente florale delicate. Se personalizeaza cu nume si mesaj, potrivit pentru nunti sau botezuri naturale.",images/plicuri/plic-boho-verde-natur.jpg,plic de dar|boho|verde natur|bej|texturat|frunze|floral|nunta|botez|elegant|personalizat,"Arts & Entertainment > Party & Celebration > Gift Giving > Money Envelopes"
plic-dar-lauri-gri-084,Plic de dar elegant cu lauri gri-argintiu,3.50,plicuri,"Plic de dar premium din carton alb texturat, cu cununa de lauri gri-argintiu si detalii florale fine. Personalizare cu nume familie si text la alegere, pentru evenimente elegante.",images/plicuri/plic-dar-lauri-gri.jpg,plic de dar|plic bani|lauri|cununa lauri|gri argintiu|carton premium|personalizat|nunta|botez|minimalist,"Arts & Entertainment > Party & Celebration > Gift Giving > Money Envelopes"
plic-dar-ursulet-059,Plic de dar cu ursulet pentru botez,3.50,plicuri,"Plic de dar pentru botez, cu ursulet pastel intr-un cos impletit si design cald, delicat. Printat pe carton premium, cu text si nume familie personalizabile, ideal pentru tematici baby.",images/plicuri/plic-dar-ursulet.jpg,plic de dar|botez|ursulet pastel|baby|bleu/roz|elegant|personalizat|carton premium|masa de dar,"Arts & Entertainment > Party & Celebration > Gift Giving > Money Envelopes"
plic-dar-miri-greenery-062,Plic de dar miri cu greenery,3.50,plicuri,"Plic de dar pentru nunta, cu ilustratie miri in nuante calde si coronita greenery. Realizat pe carton alb premium, cu mesaj si nume familie personalizabile, potrivit pentru decoruri moderne.",images/plicuri/plic-dar-miri-greenery.jpg,plic de dar|nunta|miri|greenery|floral verde|romantic|elegant|personalizat|carton premium,"Arts & Entertainment > Party & Celebration > Gift Giving > Money Envelopes"
plic-boho-auriu-019,Plic de dar boho auriu elegant,4.99,plicuri,"Plic de dar boho pe carton texturat, cu accente aurii discrete si print elegant fata-verso. Se personalizeaza cu nume si mesaj, ideal pentru evenimente premium cu stil minimalist.",images/plicuri/plic-boho-auriu-elegant.jpg,plic de dar|boho|auriu|texturat|minimalist|premium|nunta|botez|elegant|personalizat,"Arts & Entertainment > Party & Celebration > Gift Giving > Money Envelopes"
plic-dar-ursulet-baloane-albastru-multumim-079,Plic de dar ursulet cu baloane albastre – mesaj multumire,3.50,plicuri,"Plic de dar bleu cu ursulet si baloane pastel, cu mesaj de multumire imprimat. Include spatiu pentru nume familie si se poate adapta pe alte culori/texte, la cerere.",images/plicuri/plic-dar-ursulet-baloane-albastru.jpg|images/plicuri/plic-dar-ursulet-baloane-albastru.jpg,plic de dar|ursulet|baloane albastre|mesaj multumire|bleu pastel|botez baiat|masa de dar|personalizat,"Arts & Entertainment > Party & Celebration > Gift Giving > Money Envelopes"
plic-dar-ursulet-petrecere-bebe-multumire-080,Plic de dar ursulet petrecere bebe – mesaj multumire,3.50,plicuri,"Plic de dar pentru botez sau petrecerea bebelusului, cu ursulet, stegulete festive si stelute aurii. Textul de multumire este inclus, plus zona pentru nume familie.",images/plicuri/plic-dar-ursulet-petrecere-bebe-multumire.jpg,plic de dar|ursulet|petrecere bebe|mesaj multumire|botez|prima aniversare|baby shower|masa de dar,"Arts & Entertainment > Party & Celebration > Gift Giving > Money Envelopes"
plic-botez-baietel-veverite-020,Plic botez baietel cu veverite jucause,3.50,plicuri,"Plic de dar pentru botez baietel, cu ilustratie vesela de veverite si accente pastel. Printat pe carton mat premium, cu mesaj si nume personalizabile, potrivit pentru masa de dar.",images/plicuri/plic-botez-baietel-veverite.jpg,plic de dar|botez baietel|veverite|animale|pastel|tematic copii|personalizat|carton premium,"Arts & Entertainment > Party & Celebration > Gift Giving > Money Envelopes"
plic-dar-verighete-multumire-001,Plic de dar cu verighete si mesaj multumim,3.50,plicuri,"Plic de dar pentru nunta, cu verighete aurii si design floral pastel, plus mesaj „Multumim!”. Printat pe carton premium mat, cu spatiu pentru nume familie, ideal pentru masa de dar.",images/plicuri/plic-dar-verighete-multumim.jpg,plic de dar|nunta|verighete|multumim|floral pastel|romantic|elegant|personalizat|masa de dar,"Arts & Entertainment > Party & Celebration > Gift Giving > Money Envelopes"
plic-botez-bleu-ursulet-024,Plic botez bleu cu ursulet si Mickey,3.50,plicuri,"Plic de dar bleu pentru botez, cu ursulet si Mickey in stil jucaus, pe carton mat premium. Are text si zona pentru nume familie/copil, personalizabile pentru tematica evenimentului.",images/plicuri/plic-botez-bleu-ursulet.jpg,plic de dar|botez|bleu pastel|ursulet|mickey|tematic copii|personalizat|elegant|masa de dar,"Arts & Entertainment > Party & Celebration > Gift Giving > Money Envelopes"
set-invitatie-plic-boho-018,Set invitatie + plic de dar boho natur,17.00,set,"Set coordonat pe carton texturat: invitatie + plic de dar; sigiliu auriu, flori uscate, sfoara subtire. Personalizabil.",images/seturi/set-invitatie-plic-boho-natur.jpg,seturi|invitatie|plic|boho|auriu|sigiliu|flori uscate|natur|elegant|rustic|handmade|nunta|personalizat,Arts & Entertainment > Party & Celebration > Invitations
plic-dar-carusel-vintage-085,Plic de dar botez carusel vintage bej,3.50,plicuri,"Plic de dar elegant pentru botez sau petrecere de copii, cu ilustratie tip carusel in stil vintage, in nuante calde bej-ivory. Printat pe carton premium mat, cu mesaj de multumire si spatiu pentru numele familiei. Se personalizeaza cu nume, data si text la alegere, fiind perfect pentru o masa de dar unitara si rafinata.",images/plicuri/plic-dar-carusel-vintage.jpg,plic de dar|botez|carusel|vintage|bej|ivory|copii|masa de dar|personalizat|elegant|carton premium,"Arts & Entertainment > Party & Celebration > Gift Giving > Money Envelopes"
plic-dar-iepuras-baloane-roz-085,Plic de dar iepuras cu baloane roz pastel,3.50,plicuri,"Plic de dar delicat pentru botez sau aniversare, cu ilustratie de iepuras si baloane in nuante roz pastel. Printat pe carton premium alb, cu mesaj de multumire si spatiu pentru completarea numelui familiei. Ideal pentru masa de dar si pentru tematici baby girl, cu posibilitate de personalizare la cerere.",images/plicuri/plic-dar-iepuras-baloane-roz.jpg,plic de dar|iepuras|baloane|roz pastel|botez fetita|baby girl|plic bani|masa de dar|personalizat|tematica copii|elegant,"Arts & Entertainment > Party & Celebration > Gift Giving > Money Envelopes"
plic-dar-elefantel-bleu-bine-ati-venit-086,Plic de dar elefantel bleu cu balon – mesaj bine ati venit,4.00,plicuri,"Plic de dar pentru botez sau prima aniversare, cu tematica baby boy si ilustratie simpatica de elefantel bleu cu balon. Designul include mesaj de intampinare „Bine ati venit!” si spatiu pentru completarea numelui familiei, fiind perfect pentru masa de dar si un decor unitar la eveniment.",images/plicuri/plic-dar-elefantel-bleu-bine-ati-venit.jpg,plic de dar|elefantel|bleu|balon|bine ati venit|botez baietel|baby boy|plic bani|masa de dar|personalizat|tematica copii,"Arts & Entertainment > Party & Celebration > Gift Giving > Money Envelopes"
plic-dar-floral-roz-099,Plic de dar floral roz pastel,3.50,plicuri,"Plic de dar elegant, cu grafica florala in nuante roz pastel si accente fine, potrivit pentru nunta, botez sau aniversari. Este printat pe carton premium mat, cu spatiu dedicat pentru numele familiei si mesaj de multumire, pentru un decor unitar si rafinat la masa de dar.",images/plicuri/plic-dar-floral-roz.jpg,plic de dar|plic bani|floral|roz pastel|elegant|carton premium|personalizat|nunta|botez|aniversare|masa de dar|papetarie eveniment,"Arts & Entertainment > Party & Celebration > Gift Giving > Money Envelopes"
plic-dar-ursulet-balerina-roz-100,Plic de dar ursulet balerina roz pastel,3.50,plicuri,"Plic de dar delicat, in nuante roz pastel, cu ilustratie ursulet balerina si baloane fine. Printat pe carton premium mat, cu spatiu pentru numele familiei si mesaj de multumire, ideal pentru botezuri, aniversari sau evenimente cu tematica baby girl. Completeaza armonios decorul mesei de dar si restul papetariei din colectie.",images/plicuri/plic-dar-ursulet-balerina-roz.jpg,plic de dar|plic bani|ursulet balerina|roz pastel|baloane|baby girl|botez|aniversare|elegant|personalizat|carton premium|masa de dar,"Arts & Entertainment > Party & Celebration > Gift Giving > Money Envelopes"
meniu-balerina-roz-089,Meniu botez balerina roz carte,7.00,meniuri,"Meniu de botez tip carte, in nuante roz pastel, cu ilustratie balerina si accente delicate. Printat pe carton premium si personalizabil complet cu preparate, nume si data",images/meniuri/meniu-balerina-roz.jpg,meniuri|botez|balerina|roz pastel|fetite|delicat|elegant|personalizat|carton premium,"Arts & Entertainment > Party & Celebration > Party Supplies"
meniu-botez-elefantel-bleu-053,Meniu botez elefantel bleu,6.00,meniuri,"Meniu pentru botez in nuante bleu pastel, cu elefantel si baloane, printat pe carton premium. Se personalizeaza integral cu preparatele si detaliile evenimentului, oferind mesei un look baby boy elegant si unitar.",images/meniuri/meniu-botez-elefant-bleu.jpg,meniuri|botez|elefantel|bleu pastel|baby boy|pastel|personalizat|carton premium|delicat|elegant,"Arts & Entertainment > Party & Celebration > Party Supplies"
meniu-botez-safari-verde-054,Meniu botez Safari cu frunze verzi,7.00,meniuri,"Meniu de botez cu tematica Safari, decorat cu animale de jungla si frunze tropicale, pliat tip carte. Print pe carton premium alb, cu personalizare completa a meniului, numelui si datei pentru un decor fresh si vesel.",images/meniuri/meniu-botez-safari-verde.jpg,meniuri|botez|safari|jungla|animale|frunze tropicale|verde|tematic|personalizat|carton premium|elegant,"Arts & Entertainment > Party & Celebration > Party Supplies"
meniu-botez-roz-sigiliu-049,Meniu botez roz cu sigiliu,8.50,meniuri,"Meniu elegant pentru botez, printat pe carton premium si accesorizat cu sigiliu roz pudrat si flori uscate. Personalizabil cu preparatele si detaliile evenimentului, ideal pentru decoruri pastel si mese rafinate.",images/meniuri/meniu-botez-roz-sigiliu.jpg,meniuri|botez|roz pudrat|sigiliu|flori uscate|pastel|personalizat|carton premium|elegant|handmade,"Arts & Entertainment > Party & Celebration > Party Supplies"
meniu-botez-baietel-veverite-021,Meniu botez baietel cu veverite,7.00,meniuri,"Meniu personalizat pentru botez baietel, cu grafica veverite si ghinde in stil jucaus. Printat pe carton mat premium, pliat tip carte, iar textul se adapteaza complet meniului si tematicii evenimentului.",images/meniuri/meniu-botez-baietel-veverite.jpg,meniuri|botez|baietel|veverite|animale|tematic|personalizat|copii|carton premium|delicat|elegant,"Arts & Entertainment > Party & Celebration > Party Supplies"
marturie-lumanare-roz-022,Marturie lumanare roz pastel cu flori uscate,25.00,marturii soia,"Lumanare din soia roz pastel cu panglica satin, puf decorativ si eticheta personalizata. Potrivita pentru nunta/botez.",images/marturii/marturie-lumanare-roz.jpg,marturii|lumanare|roz pastel|pene|eticheta personalizata|handmade|soia naturala|elegant|botez|nunta|cadou,Arts & Entertainment > Party & Celebration > Favors
set-meniu-plic-botez-safari-056,Set meniu + plic botez Safari,10.99,set,"Set coordonat pentru botez cu tematica Safari: meniu fata-verso pe carton premium, cu animale gingase de jungla si frunze tropicale, plus plic asortat pentru dar sau mesaj. Personalizare completa cu nume, data si detalii de eveniment, pentru un decor unitar.",images/seturi/set-meniu-plic-botez-safari.jpg,seturi|botez|safari|jungla|animale|meniu|plic|verde|baietel|tematic|personalizat|elegant,"Arts & Entertainment > Party & Celebration > Invitations"
set-invitatie-plic-botez-bleu-023,Set invitatie + plic botez bleu cu fundita si ursulet,12.50,set,"Set delicat pentru botez baietel: invitatie si plic asortat in bleu pastel, cu ursulet simpatic si fundita organza. Tiparit pe carton premium mat, cu grafica fina si text personalizabil integral (nume, data, locatie, mesaj).",images/seturi/set-invitatie-plic-botez-bleu.jpg,seturi|botez|baietel|set|invitatie|plic|fundita bleu|ursulet|mickey|bleu pastel|personalizat|elegant|handmade,"Arts & Entertainment > Party & Celebration > Invitations"
set-invitatie-plic-ursulet-060,Set invitatie + plic de dar cu ursulet,11.50,set,"Set coordonat pentru botez, format din invitatie pe carton premium alb cu ilustratie ursulet pastel si plic de dar in acelasi design. Ambele piese se personalizeaza complet cu nume, data si textul dorit; invitatia se livreaza rulata sul, legata cu panglica satin.",images/seturi/set-invitatie-plic-ursulet.jpg,seturi|botez|ursulet|invitatie|plic|baietel|pastel|elegant|personalizat|carton premium,"Arts & Entertainment > Party & Celebration > Invitations"
set-invitatie-meniu-plic-lamai-063,Set invitatie + meniu + plic de dar cu lamai,21.00,set,"Set complet pentru nunta cu tematica mediteraneana: invitatie pe carton premium cu grafica lamai si flori albastre, meniu asortat si plic de dar in acelasi stil citrus. Personalizare integrala cu nume, data si text, ideal pentru evenimente de vara luminoase.",images/seturi/set-invitatie-meniu-plic-lamai.jpg,seturi|nunta|lamai|citrus|invitatie|meniu|plic dar|mediteranean|vara|colorat|elegant|personalizat,"Arts & Entertainment > Party & Celebration > Invitations"
sticker-oglinda-auriu-caligrafic-001,Sticker oglinda personalizat auriu (nume + data),85.00,stickere oglinda,"Autocolant caligrafic pentru oglinda de intampinare: nume mirii + data, vinil auriu lucios. Se livreaza gata de aplicat, cu folie de transfer. Dimensiuni si text personalizabile.",images/stickere/sticker-oglinda-auriu-mara-alexandru-2025.jpg,stickere oglinda|oglinda intampinare|nunta|autocolant text|caligrafic|auriu|personalizat|eveniment,Home & Garden > Decor > Decals & Stickers
set-invitatie-meniu-plic-travel-085,Set invitatie + meniu + plic de dar Travel cu avion,21.00,set,"Set complet pentru nunta cu tematica travel: invitatie, meniu si plic de dar coordonate, cu grafica vintage inspirata din harti, pasapoarte si avion. Tiparit pe carton premium, cu layout elegant si detalii fine, ideal pentru evenimente cu vibe de calatorie. Textele se personalizeaza integral cu nume, data si mesajul dorit.",images/seturi/set-invitatie-meniu-plic-travel.jpg,seturi|nunta|travel|calatorie|avion|pasaport|harti vintage|invitatie|meniu|plic dar|tematic|personalizat|elegant,"Arts & Entertainment > Party & Celebration > Invitations"
set-invitatie-plicuri-meniu-elefant-086,Set invitatie + plic invitatie + plic de dar + meniu Elefant bleu,22.00,set,"Set complet pentru botez in nuante bleu, cu grafica delicata de elefantel si balonase: invitatie, plic pentru invitatie, plic de dar si meniu coordonate in acelasi stil. Tiparit pe carton premium, cu panglica satin pentru un plus de eleganta. Toate textele se personalizeaza integral cu nume, data si mesajul dorit, pentru o papetarie unitara la eveniment.",images/seturi/set-invitatie-plicuri-meniu-elefant-bleu.jpg,seturi|botez|elefantel|bleu pastel|baby boy|invitatie|plic invitatie|plic dar|meniu|tematic|personalizat|elegant|carton premium,"Arts & Entertainment > Party & Celebration > Invitations"
set-marturie-plic-dar-fluture-087,Set marturie + plic de dar Fluture roz floral,15.00,set,"Set coordonat pentru evenimente delicate, format din marturie parfumabila tip fluture din ceara de soia, prezentata pe card floral in ambalaj transparent, si plic de dar asortat in acelasi design romantic. Culorile, aroma si textele se personalizeaza cu nume si data, iar pentru protectia datelor, scrisul poate fi usor distorsionat in imaginile de prezentare. Un set fin si unitar pentru botez, nunta sau aniversari.",images/seturi/set-marturie-plic-dar-fluture-roz-floral.jpg,seturi|marturie|fluture|roz pastel|floral|botez|nunta|plic de dar|set coordonat|personalizat|elegant|handmade,"Arts & Entertainment > Party & Celebration > Invitations"
set-meniu-invitatie-auriu-094,Set meniu + plic de dar tematica auriu,14.00,set,"Set coordonat de papetarie pentru nunta sau botez, cu meniu si plic de dar in acelasi stil elegant cu accente aurii si grafica fina. Printate pe carton premium, cu aspect luminos si rafinat, iar textul se personalizeaza integral pentru un rezultat unitar si memorabil.",images/seturi/set-meniu-plic-auriu.jpg,seturi|set meniu invitatie|auriu|elegant|carton premium|nunta|botez|personalizat|papetarie|minimalist chic,"Arts & Entertainment > Party & Celebration > Invitations"
set-invitatie-pergament-plic-dar-bleu-095,Set invitatie pergament + plic de dar bleu cu fundita,12.00,set,"Set coordonat pentru botez sau nunta, format din invitatie tip pergament in nuante bleu pastel si plic de dar asortat, rulata sul si legata cu fundita satin. Grafica delicata si aerul romantic il fac ideal pentru evenimente elegante, iar textul se personalizeaza integral dupa preferinte.",images/seturi/set-invitatie-pergament-plic-dar-bleu.jpg,seturi|invitatie pergament|plic de dar|bleu pastel|fundita satin|set coordonat|botez|nunta|personalizat|elegant,"Arts & Entertainment > Party & Celebration > Invitations"
set-invitatie-carte-plic-dar-bleu-096,Set invitatie tip carte + plic de dar bleu,10.50,set,"Set coordonat pentru botez, format din invitatie tip carte in nuante bleu pastel, cu grafica jucausa si fundita satin, plus plic de dar asortat. Printate pe carton premium, ambele piese se personalizeaza complet cu nume, data si textul evenimentului, pentru un decor unitar si elegant.",images/seturi/set-invitatie-carte-plic-dar-bleu.jpg,seturi|invitatie tip carte|plic de dar|bleu pastel|fundita satin|botez baietel|set coordonat|personalizat|carton premium|elegant,"Arts & Entertainment > Party & Celebration > Invitations"
set-marturie-invitatie-lamai-097,Set marturie + invitatie cu lamai,29.00,set,"Set coordonat cu tematica mediteraneana, format din marturie parfumata si invitatie asortata, decorate cu felii de lamai si accente galben-aurii. Realizate manual pe materiale premium, cu grafica fresca de vara; elementele se personalizeaza complet cu nume, data si textul evenimentului, pentru un look unitar si luminos.",images/seturi/set-marturie-invitatie-lamai.jpg,seturi|marturie|invitatie|lamai|citrus|galben|auriu|mediteranean|vara|nunta|botez|set coordonat|personalizat|elegant,"Arts & Entertainment > Party & Celebration > Invitations"
waxmelts-craciun-53g-001,Cutie Melt-Me Craciun 53g cu wax melts parfumate,20.00,craciun,"Cutie melt-me de Craciun cu aprox. 53g wax melts parfumate, turnate manual din ceara de soia 100% naturala. Figurine aromate in forme festive, ideale pentru arzator de esente si pentru o atmosfera cozy de sarbatori. Cadou perfect pentru Secret Santa sau pentru iubitorii de arome de iarna.",images/craciun/box-waxmelts-53g.jpg,craciun|wax melts|arome|cutie cadou|craciun|53g|ceara soia|handmade|aromaterapie|cadou|festiv,"Home & Garden > Decor > Candles"
waxmelts-craciun-23g-001,Borcanel Craciun 23g cu wax melts parfumate,15.00,craciun,"Borcanas de Craciun cu aprox. 23g wax melts parfumate din ceara de soia 100% naturala. Figurine aromate in forme festive, ideale pentru arzator de esente si pentru a crea o atmosfera cozy de sarbatori. Perfecta ca mic cadou sau Secret Santa.",images/craciun/box-waxmelts-23g.jpg,craciun|wax melts|arome|cutie cadou|craciun|23g|ceara soia|handmade|aromaterapie|mini|festiv,"Home & Garden > Decor > Candles"
brad-floral-verde-ingeras-030,Brad floral Craciun cu ingeras si flori uscate,299.99,craciun,"Bradut decorativ de Craciun, realizat manual din floricele din ceara de soia. Model tip brad bogat in flori de iarna verde-menta, accente aurii, flori uscate si funda imprimata tematica; varf cu ingeras delicat. Piesa spectaculoasa pentru decor sau cadou premium de sarbatori. Ideal pentru decorul mesei de Craciun. Disponibila imediat bucata prezentata in imagine.",images/craciun/brad-floral-verde-ingeras.jpg,craciun|brad floral|flori sculptate|ingeras|lumanare|cadou|decor|soia|handmade|premium|verde|auriu,"Home & Garden > Decor > Candles"
box-craciun-waxmelts-100g-031,Box Craciun 100g cu wax melts parfumate,49.99,craciun,"Cutie cadou festiva cu wax melts parfumate, turnate manual din ceara de soia 100% naturala. Contine aprox. 100g de figurine aromate in forme de Craciun – omulet turta dulce, Mos Craciun, braduti, gnomi, acadele si cadouri. Cadoul perfect pentru iubitorii de arome de sarbatori.",images/craciun/box-waxmelts-100g.jpg,craciun|wax melts|arome|cutie cadou|craciun|turta dulce|mos craciun|bradut|ceara soia|handmade|aromaterapie|festiv,"Home & Garden > Decor > Candles"
box-craciun-waxmelts-40g-032,Box Craciun 40g cu wax melts parfumate,25.00,craciun,"Cutie cadou mica de Craciun cu aprox. 40g wax melts parfumate din ceara de soia, in forme de braduti. Aromă delicată, produs handmade perfect pentru un cadou festiv sau aromaterapie.",images/craciun/box-waxmelts-40g.jpg,craciun|wax melts|arome|cutie cadou|craciun|braduti|ceara soia|handmade|aromaterapie|festiv,"Home & Garden > Decor > Candles"
box-craciun-waxmelts-85g-033,Box Craciun 85g cu wax melts parfumate,40.00,craciun,"Cutie cadou de Craciun cu aprox. 85g wax melts parfumate din ceara de soia, in forme de braduti. Aromă festiva, perfectă pentru aromaterapie si cadouri elegante de sezon.",images/craciun/box-waxmelts-85g.jpg,craciun|wax melts|arome|cadou|craciun|braduti|ceara soia|handmade|aromaterapie|festiv,"Home & Garden > Decor > Candles"
box-odorizante-dulap-craciun-034,Gift Set Crăciun – Odorizante dulap & Acadea parfumată,74.99,craciun,"Set festiv format din 2 odorizante pentru dulap din ceara de soia, decorate cu fulg albastru si crengute de brad, plus un wax melt acadea roz. Parfum intens, ideal pentru dulap, dressing, sertare sau cadouri elegante de Craciun.",images/craciun/box-odorizante-dulap.jpg,craciun|odorizant|dulap|wax melts|cadou craciun|parfum|handmade|aromaterapie|festiv,"Home & Garden > Decor > Candles"
gift-set-craciun-odorizante-bradut,Gift Set Crăciun – Odorizante dulap brăduț (2 buc) & Floare craciun,74.99,craciun,"Set festiv cu 2 odorizante brăduț din ceară de soia plus un wax melt, decorate manual cu frunze de ilex si poinsettia. Parfum intens, ideale pentru dulap, dressing, sertare sau ca un cadou elegant de Crăciun.",images/craciun/odorizante-bradut-2buc.jpg,craciun|odorizante|dulap|bradut|poinsettia|ilex|parfumate|handmade|cadou craciun|aromaterapie,"Home & Garden > Decor > Candles"
gift-set-craciun-odorizante-cafea-ilex,Gift Set Crăciun – Odorizante dulap Cafea & Ilex (2 buc),74.99,craciun,"Set cu 2 odorizante pentru dulap din ceară de soia – unul cu boabe de cafea, celălalt decorat cu ilex festiv. Parfum intens, ideale pentru dulap, dressing, sertare sau cadouri elegante de Crăciun.",images/craciun/odorizante-cafea-ilex-2buc.jpg,craciun|odorizante|dulap|cafea|ilex|parfumate|handmade|cadou craciun|aromaterapie,"Home & Garden > Decor > Candles"
gift-set-craciun-odorizante-gingerbread-poinsettia,Gift Set Crăciun – Odorizante dulap Gingerbread & Poinsettia (2 buc),84.99,craciun,"Set festiv cu 2 odorizante pentru dulap din ceară de soia, decorate cu figurine de turtă dulce și floare poinsettia. Parfum intens și design premium – perfecte pentru dulap, dressing, spații mici sau ca și cadou elegant de Crăciun.",images/craciun/odorizante-gingerbread-poinsettia.jpg,craciun|odorizante|gingerbread|poinsettia|craciunita|turta dulce|dulap|parfumate|handmade|cadou craciun|aromaterapie,"Home & Garden > Decor > Candles"
gift-set-craciun-odorizante-portocala-scortisoara,Gift Set Crăciun – Odorizante dulap Portocală & Scorțișoară (2 buc),84.99,craciun,"Set festiv cu 2 odorizante pentru dulap din ceară de soia, decorate cu portocală deshidratată, baton de scorțișoară și elemente clasice de Crăciun. Parfum cald, condimentat și intens – ideal pentru dressing, dulap sau cadou rafinat de sărbători.",images/craciun/odorizante-portocala-scortisoara.jpg,craciun|odorizante|portocala|scortisoara|aroma naturala|handmade|cadou craciun|parfumate|aromaterapie,"Home & Garden > Decor > Candles"
box-macarons-waxmelts-10buc-036,Set Macarons Wax Melts - 10 bucati,79.99,craciun,"Set cadou cu 10 macarons wax melts parfumate, turnate manual din ceara de soia 100% naturala. Fiecare macaron este colorat diferit si are parfum intens, ideal pentru arzator de esente si pentru a crea o atmosfera cozy in casa. Perfect ca dar de Craciun, Secret Santa sau cadou pentru iubitorii de arome gurmande. Culorile si aromele se pot personaliza la comanda.",images/craciun/box-macarons-waxmelts-10buc.jpg,craciun|wax melts|macarons|cutie cadou|parfumate|ceara soia|handmade|aromaterapie|colorate,"Home & Garden > Decor > Candles"
box-craciun-waxmelts-ciorap-001,Box Craciun tip ciorap cu wax melts parfumate,64.99,craciun,"Cutie cadou tip ciorap de Craciun cu wax melts din ceara de soia, in forme festive (fulg, cadou, turta dulce, Mos). Parfum intens, ideal pentru cadou sau aromaterapie de sarbatori.",images/craciun/box-waxmelts-ciorap.jpg,craciun|box wax melts|ciorap craciun|wax melts|ceara soia|parfumate|cadou|handmade|festiv|aromaterapie,"Home & Garden > Decor > Candles"
lumanare-glob-om-zapada-001,Lumanare Craciun glob cu om de zapada,55.00,craciun,"Lumanare decorativa de Craciun in forma de glob cu om de zapada si brazi, ideala pentru cadou sau decor de sarbatori. Realizata manual din ceara de soia, cu detalii 3D fine si finisaj elegant. Arde uniform, fitil centrat.",images/craciun/lumanare-glob-om-zapada.jpg,craciun|lumanare|glob|om de zapada|iarna|decor|cadou|soia|handmade|festiv,Home & Garden > Decor > Candles
lumanare-glob-mos-sanie-002,Lumanare Craciun glob cu Mos Craciun in sanie,55.00,craciun,"Lumanare decorativa de Craciun in forma de glob cu Mos Craciun in sanie si ren, cu detalii reliefate. Turnata manual din ceara de soia, aspect premium si tema clasica de sarbatori. Potrivita pentru decorul mesei sau cadou festiv. Culoarea si aroma pot fi personalizate.",images/craciun/lumanare-glob-mos-sanie.jpg,craciun|lumanare|glob|mos craciun|sanie|ren|decor|cadou|soia|handmade|iarna,Home & Garden > Decor > Candles
lumanare-rotunda-nasterea-domnului-003,Lumanare rotunda Nasterea Domnului,40.00,craciun,"Lumanare decorativa rotunda cu scena Nasterii Domnului in relief fin, pentru un Craciun cu semnificatie. Realizata manual din ceara de soia, cu suprafata mata si detalii sculptate. Ideala pentru decor traditional sau cadou cu mesaj. Culoarea si aroma se pot personaliza.",images/craciun/lumanare-rotunda-nasterea-domnului.jpg,craciun|lumanare|nasterea domnului|scena religioasa|relief|decor|cadou|soia|handmade|sarbatori,Home & Garden > Decor > Candles
lumanare-cilindru-fulgi-craciun-051,Lumanare cilindru cu fulgi de zapada,38.00,craciun,"Lumanare cilindrica din ceara de soia, decorata cu fulgi de zapada in relief. Arde curat si uniform, perfecta pentru ambient de iarna. Disponibila si pe o marime mai mare.",images/craciun/lumanare-cilindru-fulgi.jpg,craciun|lumanare|cilindru|fulgi de zapada|iarna|decor|cadou|soia|handmade,"Home & Garden > Decor > Candles"
lumanare-casuta-home-craciun-052,Lumanare decorativa casuta HOME,55.00,craciun,"Lumanare decorativa din ceara de soia in forma de casuta cu text HOME in relief. Stil minimalist si cozy, ideala pentru decorul casei in sezonul rece sau ca dar de Craciun.",images/craciun/lumanare-casuta-home.jpg,craciun|lumanare|casuta|home|decor|cadou|soia|handmade|cozy|iarna,"Home & Garden > Decor > Candles"
lumanare-brad-straturi-craciun-001,Lumanare decorativa brad in straturi Craciun,35.00,craciun,"Lumanare decorativa turnata manual din ceara de soia, model brad cu straturi ondulate si textura eleganta. Este disponibila si intr-o marime mai mica.",images/craciun/lumanare-brad-straturi-craciun.jpg,craciun|brad|lumanare|decor|iarna|soia|handmade|cadou|festiv,"Home & Garden > Decor > Candles"
lumanare-brad-stativ-craciun-053,Lumanare decorativa brad Craciun model cu suport,17.00,craciun,"Lumanare decorativa turnata manual din ceara de soia, in forma de brad cu straturi si suport. Aspect minimalist si elegant, perfecta pentru decorul de sarbatori sau cadou festiv.",images/craciun/lumanare-brad-suport.jpg,craciun|lumanare|brad|decor|soia|handmade|iarna|cadou|festiv|minimalist,"Home & Garden > Decor > Candles"
lumanare-brad-relief-craciun-004,Lumanare decorativa brad de Craciun in relief,35.00,craciun,"Lumanare decorativa din ceara de soia, model brad de Craciun cu straturi suprapuse si ramuri stilizate in relief fin. Turnata manual, cu finisaj mat si aspect elegant. Ideala pentru decorul de iarna, aranjamente festive sau cadouri de sarbatori. Este disponibila si in varianta mai mica.",images/craciun/lumanare-brad-relief.jpg,craciun|lumanare|brad|relief|decor|iarna|soia|handmade|cadou|festiv,"Home & Garden > Decor > Candles"
lumanare-brad-bule-craciun-060,Lumanare decorativa brad din bule Craciun,32.00,craciun,"Lumanare decorativa din ceara de soia in forma de brad din bule, cu steluta in varf. Turnata manual, cu aspect modern si festiv, perfecta pentru decorul mesei sau cadou de sarbatori.",images/craciun/lumanare-brad-bule-steluta-craciun.jpg,craciun|brad|lumanare|bule|steluta|decor|cadou|soia|handmade|iarna|festiv,"Home & Garden > Decor > Candles"
lumanare-glob-spiralat-craciun-053,Lumanare decorativa glob spiralat Craciun,45.00,craciun,"Lumanare decorativa din ceara de soia in forma de glob de Craciun cu striatii spiralate. Aspect elegant, ideala pentru decor festiv sau cadou de sezon.",images/craciun/glob-spiralat-craciun.jpg,craciun|lumanare|glob|spiralat|decor|cadou|soia|handmade|festiv|iarna,Home & Garden > Decor > Candles
lumanare-glob-arabesque-craciun-001,Lumanare Craciun glob decorativ cu model arabesque,45.00,craciun,"Lumanare decorativa de Craciun in forma de glob, cu model arabesque in relief fin. Turnata manual din ceara de soia, cu finisaj mat si detalii elegante. Ideala ca piesa de decor pe masa de sarbatori sau cadou festiv.",images/craciun/lumanare-glob-arabesque.jpg,craciun|lumanare|glob|ornament|arabesque|relief|decor sarbatori|cadou|soia|handmade|festiv,Home & Garden > Decor > Candles
lumanare-masinuta-craciun-040,Lumanare decorativa masinuta Craciun,35.00,craciun,"Lumanare decorativa masinuta Craciun din ceara de soia. Masinuta stil van retro, turnata manual din ceara de soia, perfecta ca piesa centrala in decorul de sarbatori. O lumanare statement care transforma orice colt intr-un decor de poveste de iarna.",images/craciun/lumanare-masinuta-craciun.jpg,craciun|lumanare|masinuta|van|decor|cadou|soia|handmade|iarna|festiv|instagram-ready,"Home & Garden > Decor > Candles"
lumanare-fulg-craciun-041,Lumanare decorativa fulg de zapada Craciun,25.00,craciun,"Lumanare decorativa din ceara de soia in forma de fulg de zapada, realizata manual. O piesa eleganta si festiva, perfecta pentru decorul de iarna sau cadouri de sezon.",images/craciun/lumanare-fulg-craciun.jpg,craciun|lumanare|fulg|zapada|decor|cadou|soia|handmade|iarna|festiv,"Home & Garden > Decor > Candles"
lumanare-manusa-craciun-042,Lumanare decorativa manusa Craciun,32.00,craciun,"Lumanare decorativa din ceara de soia in forma de manusa de iarna, turnata manual cu detalii fine tip tricot. Un decor cald si festiv, perfect pentru iarna si cadouri de sezon.",images/craciun/lumanare-manusa-craciun.jpg,craciun|lumanare|manusa|iarna|decor|cadou|soia|handmade|festiv,"Home & Garden > Decor > Candles"
lumanare-brad-flat-craciun-043,Lumanare decorativa brad de Craciun flat,25.00,craciun,"Lumanare decorativa din ceara de soia in forma de brad stilizat, turnata manual si decorata cu fundita aurie. Un element festiv perfect pentru decoruri de iarna sau cadouri de sezon.",images/craciun/lumanare-brad-flat-craciun.jpg,craciun|lumanare|brad|iarna|decor|cadou|soia|handmade|festiv|flat,"Home & Garden > Decor > Candles"
lumanare-brad-craciun-025,Lumanare parfumata brad de Craciun,35.00,craciun,"Lumanare parfumata turnata manual din ceara de soia, in forma de brad de Craciun, cu detalii in relief (brazi, ren, fulgi de zapada). Ideala pentru decorul de iarna sau cadouri festive. Pretul este pentru 1 bucata, fara aroma, iar culoarea si aroma pot fi personalizate.",images/craciun/lumanare-brad-craciun.jpg,lumanare|craciun|decor|brad|cadou|parfumata|soia|handmade|sezon|iarna,Home & Garden > Decor > Candles
lumanare-gnom-bradut-026,Lumanare gnom Craciun cu funda aurie si bradut,25.00,craciun,"Lumanare decorativa in forma de gnom, turnata manual din ceara de soia, cu funda aurie si bradut. Ideala pentru decorul de iarna sau cadouri de Craciun. Pretul este pentru 1 bucata, fara aroma; culoarea si aroma pot fi personalizate la comandă.",images/craciun/lumanare-gnom-bradut.jpg,craciun|gnom|lumanare|argintiu|decor|cadou|soia|handmade|iarna,Home & Garden > Decor > Candles
lumanare-brad-fulgi-029,Lumanare brad Craciun,20.00,craciun,"Lumanare decorativa turnata manual din ceara de soia, model brad cu textura tip frunza. Decorata cu funda argintie si colpotel auriu. Ideala pentru decorul de sarbatori sau cadouri de Craciun. Pretul este pentru 1 bucata, fara aroma; culoarea si aroma pot fi personalizate.",images/craciun/lumanare-brad-fulgi.jpg,craciun|brad|lumanare|decor|iarna|cadou|argintiu|soia|handmade|sarbatori,Home & Garden > Decor > Candles
lumanare-om-zapada-craciun-044,Lumanare decorativa om de zapada Craciun,25.00,craciun,"Lumanare decorativa din ceara de soia in forma de om de zapada, cu detalii fine tip tricot si fular de iarna. Un decor adorabil si festiv, perfect pentru cadouri si atmosfera de sarbatori.",images/craciun/lumanare-om-zapada-craciun.jpg,craciun|lumanare|om de zapada|iarna|decor|cadou|soia|handmade|festiv,"Home & Garden > Decor > Candles"
lumanare-gnom-fulg-auriu-045,Lumanare decorativa gnom cu fulg auriu,25.00,craciun,"Lumanare decorativa din ceara de soia in forma de gnom de Craciun, cu nas rosu si fulg auriu aplicat manual. O piesa festiva si adorabila, perfecta pentru decoruri de iarna sau cadouri speciale.",images/craciun/lumanare-gnom-fulg-auriu.jpg,craciun|lumanare|gnom|fulg|auriu|decor|cadou|soia|handmade|festiv,"Home & Garden > Decor > Candles"
lumanare-ren-auriu-046,Lumanare decorativa ren cu funda aurie,25.00,craciun,"Lumanare decorativa din ceara de soia in forma de ren, impodobit cu funda aurie si clopotel. Un decor elegant si festiv, perfect pentru aranjamente de Craciun sau cadouri de sezon.",images/craciun/lumanare-ren-auriu.jpg,craciun|lumanare|ren|auriu|decor|cadou|soia|handmade|festiv,"Home & Garden > Decor > Candles"
lumanare-gnom-fulg-argintiu-047,Lumanare decorativa gnom cu fulg argintiu,30.00,craciun,"Lumanare decorativa din ceara de soia in forma de gnom de Craciun, cu palarie inalta decorata cu fulg argintiu si nas rosu. Un decor festiv si elegant, ideal pentru cadouri si aranjamente de sezon.",images/craciun/lumanare-gnom-fulg-argintiu.jpg,craciun|lumanare|gnom|fulg|argintiu|decor|cadou|soia|handmade|festiv,"Home & Garden > Decor > Candles"
lumanare-gnom-fetita-028,Lumanare parfumata gnom fetita cu codite,30.00,craciun,"Lumanare turnata manual din ceara de soia, in forma de gnomita cu codite si palarie decorata cu fulgi argintii. Ideala pentru decorul de iarna sau cadouri festive. Pretul este pentru 1 bucata, fara aroma; culoarea si aroma pot fi personalizate.",images/craciun/lumanare-gnom-fetita.jpg,craciun|lumanare|gnom|fetita|codite|fulgi|decor|cadou|soia|handmade|iarna|personalizabil,Home & Garden > Decor > Candles
lumanare-gingerbread-om-turta-dulce-026,Lumanare omulet turta dulce Craciun,25.00,craciun,"Lumanare turnata manual din ceara de soia, in forma de omulet turta dulce. Detalii in relief, finisaj mat, perfecta pentru decorul de iarna sau cadouri festive. Culoarea si aroma pot fi personalizate.",images/craciun/lumanare-omulet-turta-dulce.jpg,lumanare|turta dulce|gingerbread|craciun|decor|cadou|parfumata|soia|handmade|sezon|sarabatori,Home & Garden > Decor > Candles
gnom-brad-cana-027,Lumanare gnom cu brad si cana Craciun,25.00,craciun,"Lumanare turnata manual din ceara de soia, model gnom de Craciun cu brad si cana in mana. Detalii fine, aspect decorativ elegant. Culoarea si aroma pot fi personalizate.",images/craciun/lumanare-gnom-brad-cana.jpg,gnom|craciun|decor|lumanare|soia|brad|cana|cadou|handmade|sezon|iarna,Home & Garden > Decor > Candles
lumanare-con-brad-con-de-pin-030,Lumanare decorativa con de brad Craciun,30.00,craciun,"Lumanare decorativa turnata manual din ceara de soia, model con de brad cu textura realista. Accesorizata cu fundita aurie si clopotel metalic, perfecta pentru decorul de iarna, aranjamente festive si cadouri tematice.",images/craciun/lumanare-con-brad-con-de-pin.jpg,craciun|lumanare|decor|iarna|con de brad|pin|soia|handmade|cadou|sarbatori,"Home & Garden > Decor > Candles"
lumanare-brad-nivele-031,Lumanare decorativa brad in straturi Craciun,30.00,craciun,"Lumanare decorativa turnata manual din ceara de soia, model brad cu straturi ondulate si detalii in relief. Accesorizata cu fundita aurie si clopotel metalic. Ideala pentru decorul de iarna, aranjamente de Craciun si cadouri festive.",images/craciun/lumanare-brad-nivele.jpg,craciun|brad|lumanare|decor|iarna|straturi|soia|handmade|cadou|sarbatori,"Home & Garden > Decor > Candles"
lumanare-brad-bile-031,Lumanare decorativa brad din bile Craciun,32.00,craciun,"Lumanare decorativa turnata manual din ceara de soia, model brad format din bile sculptate tridimensional. Accesorizata cu fundita aurie si clopotel metalic. Piesa eleganta pentru decorul de iarna, aranjamente festive sau cadouri personalizate de Craciun. Pretul este pentru 1 bucata, fara aroma; culoarea si aroma pot fi personalizate.",images/craciun/lumanare-brad-bile.jpg,craciun|lumanare|brad|bile|decor|cadou|soia|handmade|sarbatori|iarna,"Home & Garden > Decor > Candles"
lumanare-fulg-turcoaz-craciun-002,Lumanare decorativa fulg de zapada turcoaz-alb Craciun,25.00,craciun,"Lumanare decorativa din ceara de soia in forma de fulg de zapada, in doua nuante (alb si turcoaz). Realizata manual, cu detalii fine in relief si finisaj mat. Perfecta pentru decorul de iarna, cadouri de sezon sau aranjamente festive.",images/craciun/lumanare-fulg-turcoaz.jpg,craciun|lumanare|fulg de zapada|turcoaz|alb|iarna|decor|cadou|soia|handmade|festiv,"Home & Garden > Decor > Candles"
lumanare-fulg-roz-craciun-003,Lumanare decorativa fulg de zapada roz-alb Craciun,25.00,craciun,"Lumanare decorativa din ceara de soia in forma de fulg de zapada, in doua nuante (alb si roz intens). Realizata manual, cu model decupat fin si aspect elegant, ideala pentru decoruri de iarna, cadouri festive sau aranjamente de Craciun.",images/craciun/lumanare-fulg-roz.jpg,craciun|lumanare|fulg de zapada|roz|alb|iarna|decor|cadou|soia|handmade|festiv,"Home & Garden > Decor > Candles"
lumanare-fulg-rosu-craciun-004,Lumanare decorativa fulg de zapada rosu-alb Craciun,25.00,craciun,"Lumanare decorativa din ceara de soia in forma de fulg de zapada, bicolora (alb cu accente rosu intens pe laterale). Lucrata manual, cu detalii fine si aspect modern, perfecta pentru decor de iarna, aranjamente festive sau cadouri de Craciun.",images/craciun/lumanare-fulg-rosu.jpg,craciun|lumanare|fulg de zapada|rosu|alb|iarna|decor|cadou|soia|handmade|festiv,"Home & Garden > Decor > Candles"
lumanare-fulg-bleu-craciun-005,Lumanare decorativa fulg de zapada bleu-alb Craciun,25.00,craciun,"Lumanare decorativa din ceara de soia in forma de fulg de zapada, bicolora (alb cu accente bleu pe laterale). Realizata manual, cu detalii geometrice fine si aspect elegant de iarna. Ideala pentru decor festiv, aranjamente de Craciun sau cadou sezonier.",images/craciun/lumanare-fulg-bleu.jpg,craciun|lumanare|fulg de zapada|bleu|alb|iarna|decor|cadou|soia|handmade|festiv,"Home & Garden > Decor > Candles"
lumanare-fulg-verde-craciun-006,Lumanare decorativa fulg de zapada verde-alb Craciun,25.00,craciun,"Lumanare decorativa din ceara de soia in forma de fulg de zapada, bicolora (alb cu accente verde/turcoaz pe laterale). Turnata manual, cu model geometric bine definit si finisaj mat. Perfecta pentru decorul de iarna, aranjamente festive sau cadou de Craciun.",images/craciun/lumanare-fulg-verde.jpg,craciun|lumanare|fulg de zapada|verde|alb|iarna|decor|cadou|soia|handmade|festiv,"Home & Garden > Decor > Candles"
numar-masa-ursulet-roz-001,Numar de masa botez cu ursulet roz personalizat,7.00,numere de masa,"Numar de masa pentru botez in nuante roz pastel, cu ilustratie ursulet si balon tip nor. Se personalizeaza cu numele copilului si numarul mesei, fiind ideal pentru organizarea invitatilor si decor unitar. Print pe carton premium, format tip suport/tent, potrivit pentru mese festive.",images/numere/numar-masa-ursulet-roz.jpg,numar masa|botez|ursulet roz|roz pastel|masa invitati|personalizat|decor eveniment|organizare mese|baby girl,Arts & Entertainment > Party & Celebration > Party Supplies
cani-0001,Cana personalizata din sticla cu nume auriu,30.00,cani personalizate,"Cana eleganta din sticla, personalizata cu nume in vinil auriu. Potrivita pentru nunti, botezuri sau cadouri speciale. Personalizarea se face la cerere cu nume/mesaj si font la alegere.",/images/cani/cana-perso-02.png,cana sticla|personalizata|vinil auriu|cadou nunta|cadou botez,Home & Garden > Kitchen & Dining > Tableware > Drinkware > Mugs
ev-0001,Evantai personalizat inimioara – Botez / Nunta,6.00,evantaie,"Evantai personalizat pentru evenimente, cu forma inimioara si maner din lemn. Se poate personaliza cu nume, data si tematica evenimentului.",/images/evantaie/ev-0001.png,evantai|personalizat|botez|nunta|inimioara|carton|lemn,Arts & Entertainment > Hobbies & Creative Arts > Party Supplies > Hand Fans
tablou-toy-shop-luminos-001,Tablou luminos din carton cu luminite – Toy Shop,100.00,tablouri luminoase,"Tablou tip shadow box din carton decupat in straturi, cu luminite LED calde integrate. Realizat manual, ideal pentru decor de iarna sau cadou special.",images/tablouri/tablou-toy-shop-1.jpg,tablou luminos|shadow box|carton decupat|luminite led|decor iarna|cadou handmade,"Home & Garden > Decor > Wall Decor > Wall Art"
topper-tort-set-its-a-girl-boy-001,Set toppere tort It’s a Girl / It’s a Boy (baby shower / botez),10.00,toppere tort,"Set toppere pentru tort realizate din carton printat, cu mesaje It’s a Girl si It’s a Boy, in nuante roz si bleu, cu simbol talpite. Ideal pentru baby shower, botez sau gender reveal. Se poate personaliza la cerere cu nume, data sau cromatica.",/images/toppere/toppere-its-a-girl-boy.jpg,topper tort|toppere tort|its a girl|its a boy|baby shower|botez|gender reveal|roz|bleu|talpite bebe|decor tort|personalizat,"Arts & Entertainment > Party & Celebration > Party Supplies > Cake Toppers"